,X,Y,Z,ClusterID
0,5.13577939,4.167542237,5.787635401,4
1,4.280720699,5.770908754,6.091044205,4
2,8.329097905,7.540435945,3.247239404,2
3,5.470224473,5.06924901,5.768313439,4
4,2.381797025,2.402373889,3.879100858,1
5,8.603603133,7.814540499,4.665156113,2
6,5.437302814,4.339278491,5.289866379,4
7,5.2082122,4.342575229,7.883493002,3
8,7.992001492,6.707307351,2.078810964,2
9,8.547208457,7.624945628,6.353267021,2
10,5.055108806,5.991695312,5.779542729,4
11,8.296554337,8.051222229,4.268451467,2
12,8.35840594,7.771830216,3.313681343,2
13,4.964995087,5.561765478,2.155167777,5
14,5.34011955,5.242437125,7.790030444,3
15,4.574172059,4.908452598,5.223489262,4
16,5.386541415,5.947187469,8.493196015,3
17,1.807934287,2.006829657,5.030337713,1
18,1.945987972,2.03796943,4.958651956,1
19,7.813734727,7.978887822,4.175602731,2
20,5.218651793,3.182460319,7.571741955,3
21,5.294387381,5.266243531,5.024790859,4
22,5.490476042,5.644939079,4.595568983,4
23,8.382362316,7.949776946,4.001769319,2
24,4.357817091,5.282675571,7.949611796,3
25,2.093934961,2.174599768,5.638563719,1
26,5.152863803,5.748540791,7.831317159,3
27,1.682900958,2.815502576,2.68010129,1
28,5.214584667,2.674751279,2.541221245,5
29,5.192095694,5.45201399,5.201256753,4
30,4.752180104,5.102965735,1.592875702,5
31,7.74068703,7.822443098,4.448919183,2
32,7.972907813,7.712294286,6.970611387,2
33,5.40058688,6.026950511,7.891934586,3
34,4.989821608,5.145831766,6.118768809,4
35,8.12554667,6.675531607,7.911269242,2
36,4.986713207,4.860096758,5.083749549,4
37,4.492542485,6.022240225,2.401689066,5
38,1.96366737,2.388292273,3.723182538,1
39,5.160167925,6.502705914,2.140888771,5
40,7.649170683,7.609357115,3.771344586,2
41,2.207520742,2.13935405,5.513331558,1
42,1.454807456,2.100148642,5.831764568,1
43,2.585277565,2.589857748,3.365182682,1
44,7.634627821,7.139510301,7.315828969,2
45,5.443570366,5.087801032,5.186514608,4
46,4.893824893,6.152828971,7.728784292,3
47,4.951444568,4.83920274,5.289169624,4
48,5.282158928,3.46365387,7.81797356,3
49,1.684387089,2.036064658,5.268610634,1
50,4.978668242,4.407983362,8.192705122,3
51,5.068274453,6.22704123,2.276044779,5
52,4.798623937,6.30988479,2.31347747,5
53,4.544145829,4.486729614,1.894698507,5
54,8.246381867,8.115407909,5.855341135,2
55,1.949044035,2.154951698,4.517512974,1
56,5.136403495,2.868096453,7.348529553,3
57,2.002297282,2.580585629,3.428148108,1
58,7.951434687,7.98285428,5.626274135,2
59,4.758281356,4.945027533,5.263674071,4
60,7.910668767,8.209357852,5.347417384,2
61,4.577426989,3.816715897,7.826349759,3
62,2.126277791,3.554566579,8.090071621,1
63,7.328998933,8.062879442,4.081870433,2
64,5.481469826,6.370450633,7.788650075,3
65,2.353813008,2.250219259,4.525431788,1
66,4.661874566,3.762422175,4.827195838,4
67,4.680258932,6.829111494,2.639209954,5
68,4.989955454,5.464234679,7.841042995,3
69,4.606657526,5.814303873,7.668520123,3
70,4.068844237,4.531773746,7.950463578,3
71,5.307831174,6.224123054,2.279377928,5
72,7.655623676,7.996402436,4.402616068,2
73,8.373723819,7.714733539,4.246830907,2
74,5.15508972,6.050916698,7.986877159,3
75,2.405436659,2.088503034,6.459579189,1
76,5.259287118,5.292075132,7.919383328,3
77,5.082461424,4.295165197,1.936202826,5
78,8.121188614,7.684679161,6.003665524,2
79,2.50967134,2.08711865,5.236047252,1
80,4.882439748,5.038108822,7.814397295,3
81,2.091386468,2.229051378,4.754540774,1
82,2.091257427,2.435516554,3.041533212,1
83,4.905705353,2.952442408,2.386309329,5
84,4.964835866,4.665314222,4.697406224,4
85,5.497229725,5.348875535,8.432594882,3
86,2.271592352,2.15213133,4.687747334,1
87,4.443854549,7.496103277,7.386963232,3
88,4.700824469,5.821922273,8.24220309,3
89,5.409745384,5.733272786,2.531971198,5
90,7.99095927,7.88816686,5.566556222,2
91,8.099026724,8.049691176,4.741295812,2
92,4.975970366,4.893511494,8.450926713,3
93,1.89147568,2.141163811,5.756883981,1
94,4.849162905,3.856340513,7.877539215,3
95,5.306998307,5.393430142,7.902535947,3
96,1.905502145,3.039072952,7.463604169,1
97,7.83949155,7.701769148,3.613187865,2
98,4.7262932,5.941555484,4.146653952,4
99,2.142302906,2.396809714,3.423179917,1
100,7.94567924,8.104004571,5.494844016,2
101,4.885896722,3.890998618,2.161374409,5
102,5.617733671,3.996641864,4.565914888,4
103,7.799197599,7.578758445,5.921174125,2
104,8.459332838,7.369007017,7.21472526,2
105,5.221687487,6.19974577,2.114549065,5
106,5.147232176,7.031473587,7.22521662,3
107,5.152859258,3.804145402,5.275204159,4
108,4.863629689,5.86083511,4.920759069,4
109,4.565368795,3.274482999,7.708653937,3
110,2.279531296,2.382851593,6.757170414,1
111,7.575663851,7.629748661,3.910977222,2
112,4.46818643,5.214435023,5.363741751,4
113,8.636687226,8.047494685,5.707244813,2
114,5.279722043,4.942438826,1.760436762,5
115,8.131285131,8.096532843,6.089491005,2
116,5.228216035,5.915006381,5.96391475,4
117,4.838116925,5.499151941,5.375640884,4
118,7.805265304,7.870512574,5.075292735,2
119,4.75963242,4.059794775,7.796611902,3
120,5.023198088,6.352503482,3.913311873,4
121,5.038277255,4.91837922,4.558745294,4
122,4.893374154,3.991262507,1.717867506,5
123,8.568853685,7.764173788,5.266605477,2
124,4.829591563,5.663418753,4.734354558,4
125,4.769867466,5.401485324,4.579629562,4
126,4.692275504,4.965740074,1.749517333,5
127,2.09208722,2.121272668,4.427699298,1
128,5.007868642,3.961546861,2.322617954,5
129,5.479897,5.790296728,7.982292412,3
130,2.068073902,2.209117281,5.844578508,1
131,4.891490457,4.561871664,5.101778125,4
132,4.9415663,5.14636623,5.619850664,4
133,7.926020399,7.752855606,5.639414497,2
134,5.444795901,5.647743775,1.753040354,5
135,1.449087709,3.284317773,7.949140229,1
136,5.152075876,4.191134554,7.473189737,3
137,4.760230786,4.93044838,7.980221772,3
138,2.155657777,2.107030967,5.524972219,1
139,5.201943844,4.437388666,2.045306239,5
140,5.377921873,4.790122441,8.011241872,3
141,2.218046381,2.284853302,4.816965318,1
142,8.382327346,8.007149209,4.570699627,2
143,5.171226069,5.851081875,1.978510743,5
144,4.55207585,4.347466164,8.125121644,3
145,5.29362703,4.526664336,5.864730095,4
146,5.078149688,5.729166275,8.278062449,3
147,1.7912171,1.955017859,5.026338209,1
148,8.264988832,8.192270947,5.726515629,2
149,5.377264115,5.088946602,8.016562504,3
150,5.442739088,4.775082245,4.740839611,4
151,1.498407502,2.710389063,2.887784731,1
152,4.975839041,7.635502991,7.081157384,3
153,5.749556661,5.780814464,4.912348147,4
154,4.970147677,5.13928871,8.210756316,3
155,2.109053645,2.874555342,7.703563357,1
156,5.668413514,2.554024171,2.760064108,5
157,7.916176919,8.14216542,5.494525523,2
158,8.007779256,7.575117076,6.916671647,2
159,4.940638441,4.698371967,5.223884395,4
160,4.768635524,4.11463988,2.216968113,5
161,5.224184515,4.33714312,2.415048678,5
162,4.943036562,4.710791655,2.28751086,5
163,5.017101329,4.919448999,1.839861066,5
164,8.124477658,7.781281884,4.155261284,2
165,2.011632836,2.075179015,4.688775717,1
166,7.760033999,7.905715233,4.938561877,2
167,4.525519749,4.692757317,5.110280399,4
168,2.18557466,2.012635987,5.546003988,1
169,1.776895036,2.317898799,6.936021414,1
170,5.33375279,4.65274901,3.537236756,4
171,7.98909752,7.899269885,3.898846766,2
172,4.43225108,5.988446778,7.969488697,3
173,4.989588738,4.300496657,2.391297844,5
174,5.626759217,4.057167136,5.253139964,4
175,1.816292182,2.19133081,4.42849902,1
176,5.100830232,5.595013177,5.131539915,4
177,7.992254046,8.067094544,4.432292882,2
178,5.394486836,3.394061593,7.679308224,3
179,4.40038649,5.066812773,4.348042376,4
180,8.158735371,8.049347309,4.899951513,2
181,5.709406243,7.297029168,2.482159187,5
182,5.56096868,6.172657135,8.073991816,3
183,5.254465765,4.360480512,3.991683306,4
184,5.60042383,5.216285058,4.763053206,4
185,4.921134731,3.960189488,7.63823144,3
186,5.122276187,6.892773683,7.819615848,3
187,4.587696485,6.538434348,7.934031458,3
188,5.2643873,5.038419635,2.013851658,5
189,5.354519805,6.860198038,2.613835186,5
190,4.639878058,4.773328135,5.142008075,4
191,7.772355137,7.683039403,6.767894851,2
192,8.364417327,8.072123558,5.510736238,2
193,1.783766672,2.256722815,5.919890833,1
194,4.722634813,3.111244689,2.702854377,5
195,5.030577938,5.500213809,5.538994219,4
196,1.927762949,2.233053542,6.191266894,1
197,4.846094157,5.679853289,8.01731331,3
198,5.095752752,5.629866638,1.848574098,5
199,4.941283895,5.8778221,2.148850865,5
200,4.465027142,4.038284015,2.185416534,5
201,4.564024845,5.019324689,1.905251813,5
202,5.098090858,3.866781416,8.256033879,3
203,5.173109134,6.496247944,2.49037338,5
204,7.803466619,7.862383844,5.997911145,2
205,4.878719632,4.987061969,4.090929846,4
206,2.312880447,2.230082204,4.481881361,1
207,7.740854522,7.967568671,5.978378364,2
208,7.982455487,7.867266806,6.273741717,2
209,7.899031449,8.109381351,4.555612726,2
210,8.21322671,7.649654549,6.291012784,2
211,7.531376498,7.901726122,6.291767731,2
212,5.266456321,5.523715578,1.229582718,5
213,8.295625277,7.254672286,2.425454531,2
214,1.847796338,2.248297838,4.776201067,1
215,4.973767071,4.831265791,5.74781337,4
216,5.022901133,5.178711226,4.70974643,4
217,1.824381374,1.93207099,4.843751016,1
218,1.905958741,2.661823199,6.804266589,1
219,1.970897652,1.930698832,3.987362231,1
220,5.437511063,6.039250477,4.156210573,4
221,1.614320491,1.909836828,5.312410029,1
222,4.128586607,4.522936953,7.714671233,3
223,2.281684612,2.058520545,5.459740071,1
224,4.935574558,3.955170443,2.154438159,5
225,7.984013223,7.398877665,7.427299942,2
226,5.345080741,5.058088652,4.958384511,4
227,4.925981962,4.509863668,4.989050762,4
228,4.886586191,3.398782725,2.286017462,5
229,1.508790022,1.975601964,4.593024497,1
230,5.500874124,5.210249836,5.453930602,4
231,7.878408482,7.815418772,5.094796991,2
232,1.752992821,2.235684712,6.524418674,1
233,4.851022515,4.900933826,3.868934924,4
234,5.164190411,7.528224287,6.969554265,3
235,8.337170795,7.591026716,6.028436228,2
236,7.607941681,7.923950644,4.659372122,2
237,5.085560253,5.692394903,7.848461885,3
238,4.717496823,5.923668805,1.867340458,5
239,5.293117427,4.792802956,1.557783257,5
240,4.152110823,5.577114624,2.189115489,5
241,2.471664238,1.867804619,4.736557507,1
242,5.092430887,5.437617099,4.532952822,4
243,4.741939973,5.91747592,2.103698266,5
244,4.944847865,6.322854627,4.532455924,4
245,5.853609357,5.256803964,2.033984613,5
246,4.959856527,3.979061391,7.885334862,3
247,4.73309963,4.015357702,8.013140536,3
248,5.348420934,5.373260221,1.917606205,5
249,4.860038512,3.892154913,2.468762344,5
250,7.938723006,7.440190025,6.675782211,2
251,5.224855005,5.126640621,2.264529517,5
252,1.806695762,2.201066667,3.792415421,1
253,8.411187536,8.034440868,5.865488208,2
254,8.051836184,8.203430389,4.743837611,2
255,5.494910087,5.069904436,4.769352331,4
256,5.151396382,4.840981267,5.223418524,4
257,4.549109886,5.593738754,5.007180233,4
258,1.559793849,2.339892431,3.82424431,1
259,5.470082887,7.335627361,2.614111329,5
260,8.098672096,7.781533117,4.079140937,2
261,5.040530767,3.955686045,8.240375238,3
262,4.05585022,4.045835299,6.437280604,4
263,5.07569732,4.250230727,4.743997526,4
264,5.301026424,4.593824945,1.634099264,5
265,5.583848234,4.898955198,8.231641622,3
266,1.84489547,1.958931802,4.69187695,1
267,1.604811181,2.101273017,6.572152718,1
268,5.50582135,6.078329012,5.984330287,4
269,4.929685381,4.586628702,1.895616427,5
270,7.759273792,8.043458309,4.860823094,2
271,4.59328394,4.722517253,2.075306536,5
272,4.502622724,5.263828684,1.778609718,5
273,7.874179664,8.103573355,4.800870378,2
274,5.03990345,3.700559551,7.896145241,3
275,7.923966452,7.781716779,5.303134302,2
276,4.855271079,2.692538548,7.337970977,3
277,5.151251887,4.911316205,5.423298263,4
278,4.821179423,6.408263281,2.379847426,5
279,8.040740216,7.884985316,4.016313712,2
280,5.423674691,4.04772033,2.182607498,5
281,4.898715501,5.42730924,5.195861379,4
282,4.80763021,4.441413026,1.970661454,5
283,1.952963697,2.10046323,5.918484274,1
284,5.264320375,3.885756353,7.572597747,3
285,7.49043005,7.886466036,5.667880991,2
286,4.86016022,3.768319201,1.892378641,5
287,8.574815623,7.999224607,4.819399564,2
288,4.582198661,5.014849781,8.139062116,3
289,5.340719845,4.81501779,4.537297888,4
290,5.071783763,4.437128416,4.916527221,4
291,4.567714818,4.046112996,2.24520821,5
292,2.106407171,2.169058433,5.395103212,1
293,5.352665409,5.734324495,1.964419677,5
294,7.342144339,7.427080839,7.053808028,2
295,4.976103945,4.042311806,2.098731541,5
296,2.098983443,2.129145559,5.22970551,1
297,4.668553042,4.789427937,5.072847053,4
298,4.888532301,2.755182399,2.738221461,5
299,4.680521571,4.718020903,8.027851564,3
300,5.226961859,4.045184233,2.103395444,5
301,5.173498439,3.908900368,1.963101827,5
302,5.271084708,5.17718523,4.597390495,4
303,4.886769457,5.312517358,2.015522762,5
304,5.086266631,4.080189027,2.234776207,5
305,8.654472359,7.945368668,6.218590802,2
306,7.890027626,7.856999913,4.360156349,2
307,5.357940601,5.112455299,5.127363934,4
308,5.527428896,4.844010265,8.199624653,3
309,5.042951431,7.247482076,7.123724939,3
310,2.429373194,1.886681605,4.936612262,1
311,5.544920359,5.59676052,7.644286667,3
312,1.798713594,2.119387756,5.961049063,1
313,4.94140351,3.668612842,7.610020146,3
314,5.405627999,6.199004601,2.192606745,5
315,1.732695708,2.059071041,4.945819511,1
316,5.301551915,5.129815185,6.263687281,4
317,7.608933893,7.764174689,3.223847546,2
318,2.06116521,2.146076546,4.266603978,1
319,1.92224739,2.065454675,4.186725997,1
320,4.83815434,5.664218808,7.963223613,3
321,4.878962433,2.018256717,6.856881924,3
322,5.184293281,3.941086538,7.753406084,3
323,5.005935254,6.103012992,2.366249901,5
324,4.531345869,4.734960966,8.087335696,3
325,8.200309999,7.842620555,6.053677497,2
326,8.061062914,7.996228416,4.838709347,2
327,5.11024042,5.312612165,5.597294594,4
328,2.024630357,2.728220193,7.217607061,1
329,4.912341759,5.475978577,4.735813011,4
330,4.80824158,5.272426431,5.048292603,4
331,4.700098147,3.914889343,7.739086266,3
332,7.805820036,8.063224063,5.60184981,2
333,8.503733846,7.731663374,7.095850444,2
334,5.352268842,1.350509174,4.275543447,5
335,4.458059263,3.017516789,7.749070147,3
336,5.067230598,6.058210558,7.739493011,3
337,6.963625454,7.595406667,6.284056078,2
338,4.704766903,8.04076966,3.278714244,5
339,5.17606806,6.495446286,2.094285532,5
340,7.72896972,7.414209811,3.114087828,2
341,5.055334388,5.080337349,8.379402537,3
342,8.063377467,7.874179555,4.078215874,2
343,4.413896885,4.868186113,7.840889241,3
344,8.266922733,8.161721583,5.192587765,2
345,4.856672009,6.667881458,2.289353372,5
346,4.97425184,5.442955515,4.393727135,4
347,5.068626134,3.875206962,1.86950078,5
348,5.363533872,5.99379873,2.219815436,5
349,4.994080002,5.577846373,2.122333315,5
350,1.93063938,1.9146986,5.060124165,1
351,8.166142189,7.48862423,6.645782808,2
352,5.358323159,5.439996246,4.232159656,4
353,5.387014263,5.753276347,7.693056396,3
354,1.950320891,1.909273743,5.334274202,1
355,4.809300041,6.196723486,4.378790093,4
356,7.608119935,6.676025998,7.807623515,2
357,8.20993032,7.803859015,6.303108682,2
358,5.02361871,4.872217482,4.625521468,4
359,8.26213745,7.868555295,4.571002267,2
360,4.954704233,3.866523097,2.309414125,5
361,5.446034372,6.439930422,7.486413772,3
362,2.158135888,2.288766946,4.679766652,1
363,5.227924635,5.101818242,4.850195546,4
364,5.210198192,4.774328807,5.662234859,4
365,5.302031916,5.829485557,2.146055436,5
366,5.402173678,3.712385344,7.305729706,3
367,4.92246966,4.285573753,1.993290438,5
368,4.796757369,5.552027345,7.54201239,3
369,1.984169894,1.937471437,5.484637987,1
370,4.397526458,5.268163334,2.057427478,5
371,1.873520094,1.855636166,5.08926642,1
372,2.258784392,2.1344686,3.911770323,1
373,4.843090587,6.294769717,2.213036143,5
374,5.268277415,3.399856587,2.203459379,5
375,5.313054718,3.71614319,2.367531459,5
376,5.211257496,2.905754958,2.971707836,5
377,5.180686062,3.989569676,5.473512674,4
378,5.069082156,6.334784244,2.262204224,5
379,4.877945972,5.502227657,8.048223314,3
380,4.655185007,5.521445316,7.737348407,3
381,4.751210349,5.0612211,2.103063184,5
382,7.725759299,7.92827345,4.037810768,2
383,4.956821335,6.035513471,8.124848818,3
384,4.722551248,4.706689334,6.10982473,4
385,4.573007225,5.987186273,2.134367799,5
386,4.913943404,4.266942321,8.013697269,3
387,4.761764611,4.728046654,7.665546538,3
388,5.008998945,3.50781834,2.118976335,5
389,4.939251999,5.728300883,8.008633129,3
390,7.730654452,6.909233428,7.771249287,2
391,2.641227537,2.144719116,3.391173872,1
392,2.187446679,2.358071979,6.600112079,1
393,2.229490965,2.998306462,2.511124837,1
394,4.73906143,5.326292938,7.789631603,3
395,7.883395141,8.064244829,4.126023385,2
396,7.691195858,7.627296539,6.384256616,2
397,7.988060195,7.795643895,4.008849508,2
398,5.079032686,5.069595184,7.658526569,3
399,4.611696648,4.627547307,7.519706444,3
400,5.348428798,2.863460326,7.320469327,3
401,2.414902373,1.760431998,4.618507927,1
402,4.688455284,3.946419604,7.697046603,3
403,7.525156893,7.874690564,4.238596317,2
404,4.286003647,5.717271044,8.131497868,3
405,5.087186977,5.636391063,5.002305553,4
406,5.278958092,5.482621484,7.964916412,3
407,4.966452991,6.270549739,1.946769881,5
408,2.082764661,2.046948521,5.8022754,1
409,8.256477498,8.239298878,5.704130277,2
410,4.978644658,6.761690607,2.323508547,5
411,4.968060925,5.191642059,5.691493309,4
412,5.949046002,4.197582466,6.081656271,4
413,5.058420278,6.552032227,2.791909649,5
414,5.687942586,5.075308937,4.352651462,4
415,1.857455558,2.592855626,3.087362123,1
416,5.264209981,3.719151329,2.096858468,5
417,8.176349525,8.025226039,4.568606192,2
418,8.665907284,7.731328516,5.381479411,2
419,7.939645429,7.023013313,7.335856444,2
420,7.759229732,7.931012332,4.998531587,2
421,4.925024685,4.55567242,4.635468024,4
422,8.221549232,8.091754324,4.637031544,2
423,4.985352714,4.651248676,5.860936192,4
424,4.886131853,5.293810369,8.302009062,3
425,4.433794668,6.233302376,2.514304069,5
426,4.483567523,6.43218954,2.179576226,5
427,4.778765634,4.31486562,7.936708815,3
428,4.622483325,4.598004631,8.080160127,3
429,8.315694965,7.982096362,4.721234625,2
430,5.057978146,4.186627237,3.932252925,4
431,8.099115586,8.256401452,5.081673812,2
432,7.740999479,8.109329438,5.340755348,2
433,8.267425007,7.597761994,3.38786106,2
434,8.209058316,7.15436213,2.908399427,2
435,2.251905415,1.971612197,5.554704655,1
436,4.844501136,6.061101071,7.733344528,3
437,4.523242607,4.560190631,5.254558639,4
438,7.633057124,7.827817469,4.325174542,2
439,7.862471951,7.723862417,3.883927468,2
440,7.733957925,7.827532438,6.091595695,2
441,7.911085985,8.068661619,5.827502525,2
442,4.589583264,5.528889283,5.587206239,4
443,4.875975034,5.832808651,7.748728007,3
444,5.209417529,3.104433547,7.394698073,3
445,7.815411919,8.066946536,5.347806082,2
446,5.389778267,4.622364403,2.154877662,5
447,1.813986376,2.024321134,4.594053144,1
448,1.340581104,2.42030039,3.924419068,1
449,5.194989394,5.604275137,4.448979875,4
450,1.967487265,2.013085094,5.871188368,1
451,8.24218664,7.750800894,5.178702212,2
452,2.258229673,2.042193664,4.346265166,1
453,4.70820689,4.959557317,5.391755577,4
454,8.472813362,8.00538458,4.59739479,2
455,4.882134087,4.870426455,5.460856898,4
456,4.233015782,4.110948396,4.426270534,4
457,8.32558004,7.807242913,6.388604902,2
458,5.01113096,2.576004251,7.281743078,3
459,4.79660848,5.776282588,1.809341564,5
460,5.296389577,5.13483954,7.699848245,3
461,8.129706969,8.076062669,5.437917893,2
462,2.278482867,1.819573296,4.529010648,1
463,5.131051412,4.382117232,7.991158919,3
464,4.687338234,5.410309731,7.696720965,3
465,2.537416101,2.262198002,4.200191034,1
466,1.699575547,2.071339809,5.440384938,1
467,5.041860916,6.098211232,2.386973393,5
468,5.62545162,3.781842774,7.883816801,3
469,5.033023856,6.850606462,7.835460899,3
470,4.491214793,5.394346462,8.43033184,3
471,7.667961262,7.98947921,4.391668461,2
472,4.994674776,6.271353717,7.92411206,3
473,4.579961145,3.889847202,5.782331183,4
474,4.70620208,4.912192435,1.814666615,5
475,4.882499113,5.760620948,7.625913864,3
476,5.207603419,3.31044375,2.447419067,5
477,8.137064331,8.071520183,3.820152256,2
478,1.566369288,2.16362518,6.003227581,1
479,4.564281312,5.350460278,2.147007933,5
480,5.033320144,2.134981081,6.593003193,3
481,4.920100496,5.82268662,2.205644912,5
482,4.601200531,4.593949167,7.629948626,3
483,4.692551581,5.953061775,2.283818422,5
484,8.108122602,7.788713491,4.253900945,2
485,4.858147083,6.338672452,2.468194749,5
486,4.6418325,5.124026735,3.59904539,4
487,4.834493565,5.459319816,5.940620342,4
488,4.920261078,4.654349146,8.159639787,3
489,8.206300065,7.17935444,7.259540235,2
490,5.179559457,5.757944121,1.999030855,5
491,4.631626033,4.669588413,5.016278196,4
492,5.498214386,5.029571576,4.081492956,4
493,2.656231245,2.080389871,3.502168703,1
494,2.407476786,2.173549786,5.99881658,1
495,5.057823264,6.040547865,2.523222068,5
496,5.272024926,4.818026717,1.86776609,5
497,8.116942479,7.885528474,4.350357701,2
498,5.225880156,4.579891821,5.317521267,4
499,5.088460232,3.870374344,2.612638611,5
500,2.014885358,2.611085889,2.96685632,1
501,5.172503162,7.563785804,3.230672054,5
502,5.029759761,5.804546139,1.634613981,5
503,4.513157674,5.943907236,5.283180986,4
504,2.111844575,1.942681351,4.941677431,1
505,5.311297319,4.610853101,1.983209234,5
506,5.43058248,5.083939684,1.755749475,5
507,1.949408726,2.317569029,3.238895934,1
508,5.353472794,6.067015688,5.684725055,4
509,5.368195667,4.753736699,5.095294523,4
510,8.354154306,8.259696266,4.922445094,2
511,4.777913373,5.270009812,5.508504555,4
512,7.401432963,7.788292893,3.8540302,2
513,2.109992994,1.956135832,5.766354248,1
514,4.705363158,5.233929458,1.915611917,5
515,5.160317587,5.914390113,4.899953724,4
516,4.723790138,6.433352165,2.217701578,5
517,5.126171873,5.51829433,2.16219226,5
518,4.605925871,4.180855096,5.671704546,4
519,4.792902511,2.51724625,7.423035667,3
520,4.754266777,4.072803233,5.118988913,4
521,8.25155447,7.201659158,3.037648551,2
522,2.363673228,3.023720906,2.492601995,1
523,5.49937634,3.324575527,7.936925154,3
524,5.173146517,5.925805505,5.601050695,4
525,1.675085822,1.975773828,5.390827532,1
526,5.001020575,5.580057773,4.423214047,4
527,5.211347296,4.478535551,8.467449497,3
528,1.95021184,2.269467045,5.766481154,1
529,4.766044066,6.080592286,2.221134978,5
530,5.360135604,5.899970412,7.69324153,3
531,5.046088284,5.224165559,8.245295383,3
532,4.570848125,3.939277864,1.815571042,5
533,7.618959566,7.450505216,4.927733045,2
534,4.256108154,5.508206338,6.267974243,4
535,5.098708278,5.084243422,2.344167312,5
536,4.837175327,5.985998909,7.850231374,3
537,4.436107517,5.216296491,2.0162651,5
538,5.233961331,4.686075976,8.351511295,3
539,4.87970354,4.716722453,5.229589469,4
540,7.952315307,7.805178875,4.481910886,2
541,4.872991581,6.656259664,8.006389377,3
542,1.956741675,2.130392385,3.996948222,1
543,4.894881139,6.115489909,5.286863913,4
544,4.61532848,6.765391575,2.516554382,5
545,5.033410957,4.163114382,7.754615582,3
546,4.843363696,6.347986029,2.187444161,5
547,4.951864052,4.36256979,2.11858072,5
548,7.81452032,8.00434612,4.675831966,2
549,4.819838441,4.167649667,5.396601601,4
550,4.583902944,5.418869515,6.198487845,4
551,8.303612119,8.252867912,4.599926035,2
552,4.77185305,5.053272769,2.102884337,5
553,4.585422638,5.026790358,4.682931672,4
554,5.065273269,4.154976163,7.869310609,3
555,7.723973185,7.83526125,4.23995543,2
556,4.450105191,4.746437255,8.00449089,3
557,1.716476315,2.51098891,3.35300578,1
558,5.302044551,5.914889088,4.562719226,4
559,5.474972252,3.776898332,2.592839287,5
560,1.288103922,1.945086928,4.092340819,1
561,5.13952431,7.318853594,2.611908212,5
562,1.954267296,2.097309052,4.387046308,1
563,5.046113542,4.691151532,7.921983138,3
564,5.184846006,5.545252919,7.57048523,3
565,4.532551503,4.887859949,4.116714235,4
566,5.089604054,4.863485812,4.525092894,4
567,4.545066268,6.225562397,5.018016838,4
568,4.88868171,5.115172174,5.543981109,4
569,4.79715965,5.748973862,2.150885481,5
570,1.599001357,2.299987838,3.709116877,1
571,7.696451241,7.603219629,6.476780655,2
572,5.108716858,4.99964399,7.784098262,3
573,4.639039307,4.807636185,2.01432426,5
574,2.405699115,2.798009364,7.345412575,1
575,5.178962545,4.577257598,6.046297742,4
576,5.202605373,5.290571131,4.67975371,4
577,4.829692622,5.068750626,1.877583594,5
578,4.620148418,4.831396413,8.015127598,3
579,2.215349846,2.366642431,6.874032277,1
580,4.954712748,2.471159156,2.971537261,5
581,7.975976385,7.882077875,5.419306949,2
582,4.669623235,4.578646359,1.831544804,5
583,5.289286051,3.876849673,1.934698624,5
584,5.705699293,4.855159454,8.378104682,3
585,2.241791322,1.836124344,4.813780731,1
586,2.341106527,2.208640675,6.12154502,1
587,8.508595066,7.689816507,6.468168269,2
588,5.289473721,6.88773328,7.694365763,3
589,7.674743571,7.847513816,5.854966723,2
590,5.168773198,4.625357466,2.081176709,5
591,5.182260188,4.927004854,5.588993013,4
592,5.010892884,4.682468743,4.864842246,4
593,2.063323965,1.887983654,4.754263401,1
594,4.849043703,5.864065932,1.958428045,5
595,1.667474191,1.967822306,5.322415117,1
596,7.985520695,7.854717842,6.210852956,2
597,2.181069549,2.176724635,5.404748647,1
598,4.947078052,4.378573992,8.356307022,3
599,4.653151158,4.322631595,7.990895685,3
600,1.862679833,2.315757147,3.758252386,1
601,4.608079707,4.934668978,7.761721706,3
602,5.222165275,4.435214292,7.835917463,3
603,4.827035831,7.59661855,2.662684237,5
604,5.123198508,4.724220703,4.118034507,4
605,8.016392172,7.834256978,3.93296274,2
606,5.278968427,3.546470695,2.143075455,5
607,7.905903095,8.090014597,5.225949896,2
608,2.109728268,2.169409351,5.60344234,1
609,5.512366206,5.468717359,7.485139133,3
610,7.767027449,7.679215398,6.785500944,2
611,4.30250297,4.507160067,7.662062103,3
612,4.508796136,5.536426154,2.433248968,5
613,5.332117538,4.655565178,5.436253607,4
614,8.824671605,7.93416121,5.635262748,2
615,1.749709262,2.104580892,6.182469846,1
616,1.94119227,2.000358726,4.481786393,1
617,2.160198743,2.296737057,5.724322963,1
618,5.145739761,4.96451862,5.502505405,4
619,5.097340647,6.020186901,8.050880903,3
620,8.236960165,7.679195098,6.142685716,2
621,8.016278901,7.846735237,5.355027032,2
622,4.999575629,5.069997414,1.783611086,5
623,5.170316767,4.672541558,4.114168557,4
624,4.939673882,4.733354599,4.476826304,4
625,1.894460637,3.283369414,7.954877391,1
626,5.418232591,3.555335439,8.086401343,3
627,5.43495733,6.036213464,2.243011611,5
628,4.916318177,4.461995928,2.039943409,5
629,1.961506097,2.488895066,6.100355714,1
630,4.602624696,5.376973566,5.668680273,4
631,8.199625099,7.976460254,4.700665401,2
632,4.693388233,5.415069431,4.738365307,4
633,1.377264401,2.113887761,5.583444407,1
634,2.027775201,1.902749842,5.266117501,1
635,4.901153662,4.600413256,2.243161952,5
636,1.801042944,2.2155279,4.375944041,1
637,1.751623578,2.143711392,5.787901611,1
638,5.013827888,4.207888279,4.939965381,4
639,8.461063453,7.741510187,3.64703132,2
640,8.057422239,8.057186582,4.740567351,2
641,2.040091731,2.322877395,3.426831653,1
642,5.483454672,4.053299177,1.652848696,5
643,4.951868431,6.178532763,2.223517538,5
644,4.90655718,5.679815697,4.283863049,4
645,5.268640545,2.342155458,3.235162015,5
646,5.07782568,4.43727369,1.925224971,5
647,8.023758586,7.744310482,6.736356213,2
648,1.170533215,2.320594544,4.587098175,1
649,8.0673028,8.271702348,5.230002469,2
650,7.795370862,7.836061441,5.384965375,2
651,7.729869339,7.621451603,5.348061384,2
652,2.657704497,1.753119885,5.33052512,1
653,1.812364233,2.374787093,6.741223507,1
654,2.078143586,2.220549824,6.259337634,1
655,4.824095642,7.033946215,7.217598074,3
656,5.465086973,6.579889045,2.600461809,5
657,4.782136805,2.962365371,2.378603485,5
658,7.876074601,7.915456887,4.391630344,2
659,7.76103339,7.902344823,5.264837315,2
660,4.667756747,5.740335827,7.699486882,3
661,7.943487626,7.822768124,3.953865673,2
662,8.261090142,8.343726195,4.78805846,2
663,5.35464646,7.372520416,6.974198226,3
664,2.85709174,2.11960819,4.046810465,1
665,1.842915458,2.151901588,5.216299589,1
666,4.50650632,4.569627458,5.2411412,4
667,5.146705721,5.124423374,1.737861896,5
668,1.645660149,2.050783089,5.591377827,1
669,1.932913606,1.892631192,4.301687733,1
670,5.087917087,6.137778085,7.946930014,3
671,5.368182603,4.619118182,1.979443732,5
672,4.952631613,5.738650046,4.42452756,4
673,1.851592638,2.376923033,6.47373824,1
674,4.575903253,5.58387178,5.763794979,4
675,2.123762519,2.099985895,6.321453683,1
676,7.624810402,7.76532487,5.342822746,2
677,2.273996466,1.95332037,4.320253714,1
678,4.830379632,4.930380468,8.100827379,3
679,4.592289535,4.486762664,1.892069309,5
680,5.487537553,5.340334543,5.143180244,4
681,7.836647513,7.66061469,6.54984872,2
682,5.192393278,5.05420981,1.730889663,5
683,4.927199087,5.356162158,4.38594803,4
684,2.589385646,1.771476144,5.329909424,1
685,5.439894895,3.688616705,4.926681774,4
686,5.024426649,4.425913284,4.559802052,4
687,4.976680618,5.009373948,4.995622357,4
688,5.319479878,5.057417139,7.988777455,3
689,4.775394131,5.153839168,7.889874148,3
690,7.606793234,8.044962511,5.186155077,2
691,4.939651852,5.815089555,1.940215171,5
692,4.980139314,5.280472493,4.69414474,4
693,5.416798676,4.093623482,1.976811576,5
694,5.147732693,5.364378141,5.939747611,4
695,2.103574817,2.242736579,6.041499814,1
696,4.900329857,5.012457138,5.425012165,4
697,2.604235185,2.112242374,5.080362091,1
698,4.734202043,5.463738661,1.601487955,5
699,4.936762049,5.883428658,5.475047787,4
700,1.911001203,2.35642786,4.055171016,1
701,5.317414514,5.269877903,4.471784255,4
702,5.275725057,5.263649484,7.968966197,3
703,4.621018382,6.569704531,7.62557811,3
704,4.694266815,5.62154719,4.342938212,4
705,1.89792332,2.121461724,5.139433321,1
706,7.415371881,7.882613286,5.301093684,2
707,2.487316469,3.039920262,2.319509067,1
708,1.675071014,1.966894736,5.069305195,1
709,5.54243044,5.241938055,2.313140422,5
710,2.098832654,2.064972761,5.076503218,1
711,4.502788358,3.694011373,2.213794315,5
712,4.976614509,4.587505916,7.799862752,3
713,7.988902406,7.871070774,5.157819457,2
714,5.032019168,4.953104283,6.385998315,4
715,4.223520366,2.977406117,2.38473037,5
716,5.515647571,6.48428156,7.66295047,3
717,5.025652273,6.314093571,7.900105334,3
718,5.598910561,5.225899304,4.793549542,4
719,8.085397544,8.115966673,5.940355041,2
720,1.802076613,1.927679764,5.908316528,1
721,4.702958586,5.865041591,5.859878982,4
722,2.175119657,2.050116857,5.026278926,1
723,4.988269909,4.844216402,8.008854041,3
724,7.754421832,7.952198453,5.196481973,2
725,2.056094606,2.221539552,4.192039105,1
726,4.899250227,4.923535266,5.444614304,4
727,4.940180036,2.597188249,2.465407855,5
728,4.42000083,5.590884154,4.321099882,4
729,4.962504823,6.111704058,1.888741662,5
730,2.106707155,2.172957668,4.555201103,1
731,4.456899081,4.403175757,1.959525918,5
732,4.902917692,5.070916247,1.601988764,5
733,2.193895586,2.211413371,5.08066488,1
734,1.64097401,2.008560148,5.003016508,1
735,4.6902277,5.38154312,5.166053935,4
736,5.067871431,5.552173714,1.913053744,5
737,5.433622643,4.234093581,5.815154288,4
738,5.538516791,3.014566399,2.299267201,5
739,4.997023123,5.96184923,7.702060573,3
740,2.159039013,2.16096409,6.392634246,1
741,2.350048277,2.004188646,4.728666642,1
742,5.081022497,5.082001009,8.013453316,3
743,7.805342641,8.021577071,5.512055812,2
744,5.160099658,4.647824561,8.160628935,3
745,4.580587561,5.426627208,5.228072248,4
746,2.086802172,2.014764615,5.203116304,1
747,5.227887486,4.937941803,5.868977169,4
748,4.99612624,5.14702869,5.332052057,4
749,8.265956943,7.428089606,7.18799652,2
750,5.004685427,4.332348575,1.740418833,5
751,2.078884665,2.333282643,3.605081626,1
752,5.100286662,3.533832622,2.156578011,5
753,4.513159126,7.015546405,7.710970861,3
754,1.74372939,2.057855428,3.885765281,1
755,5.225575301,5.503481864,3.90732103,4
756,8.40980555,7.843326349,5.805952495,2
757,2.252308928,2.088468959,3.990993583,1
758,4.853119606,5.976937252,7.856592004,3
759,4.801952964,4.786673511,4.624606196,4
760,8.162307548,7.909193686,5.335583776,2
761,2.012495009,2.128575492,5.706574501,1
762,4.950776913,5.508478258,4.867009184,4
763,5.19033766,6.57332134,7.532092132,3
764,7.946929767,8.09110363,4.922577244,2
765,4.314280862,2.09566114,6.624671352,3
766,7.906290239,7.944048929,4.396599248,2
767,5.15063593,4.792277251,4.285283521,4
768,1.304120425,1.725535434,5.856039894,1
769,8.03373246,7.87956191,5.193932021,2
770,2.020693483,2.020351571,4.204224068,1
771,8.156051226,7.998945177,5.671425693,2
772,4.571705094,6.470738185,2.214519249,5
773,4.981011413,5.357420622,8.308804127,3
774,4.644833734,4.755531001,7.941374705,3
775,5.232050345,4.013596992,5.924011997,4
776,5.399684594,4.58911639,8.163774626,3
777,2.340432043,2.06536103,5.334371017,1
778,1.846391495,2.66108549,7.117198409,1
779,4.741860266,4.815382112,4.476007935,4
780,4.850164615,4.682968861,5.742923882,4
781,4.839196044,3.136603389,2.178223657,5
782,1.917830209,1.96462604,5.265365104,1
783,4.417244597,4.572141785,5.010744291,4
784,7.863924,7.96464656,5.621329264,2
785,8.389296946,7.862191395,4.116408449,2
786,4.944934578,2.553517774,2.921429454,5
787,5.276466366,5.26256086,4.419044761,4
788,2.392389635,2.471039165,6.567307225,1
789,4.359070921,5.235741057,7.686437623,3
790,4.375235857,5.510488943,7.969716782,3
791,4.755144832,5.467436396,7.554479256,3
792,4.906735041,4.464384223,4.855033251,4
793,4.742610752,4.949522864,1.911759745,5
794,8.061647241,7.88206424,5.184316425,2
795,8.680977885,8.165575486,4.702084717,2
796,1.824088799,2.629874146,2.906835089,1
797,8.403769913,7.862703094,3.518361465,2
798,2.645005359,2.078271304,3.841518449,1
799,5.054836148,3.865257752,5.76342849,4
800,7.471873205,8.147595747,5.680635532,2
801,1.551981958,2.257299734,3.968906286,1
802,4.989656886,5.372466615,5.075935081,4
803,4.544702156,3.887538872,2.239372988,5
804,2.257411595,2.106124869,4.055293231,1
805,5.242235012,6.546820086,2.520350672,5
806,4.823486763,5.820355316,2.044303143,5
807,5.348659346,4.890548943,1.925844916,5
808,4.756721849,3.313231865,2.306889498,5
809,4.82038471,4.268570597,7.95901591,3
810,8.198768451,7.765592308,6.326137823,2
811,5.132387353,4.78049374,1.685101299,5
812,8.009007301,7.394068856,7.074961225,2
813,5.167484696,6.119129611,7.802333094,3
814,5.143751714,5.274166989,5.422261768,4
815,5.287792135,5.348968384,4.390448162,4
816,5.760018215,4.502649821,4.729233429,4
817,8.026577195,8.126516649,4.302440733,2
818,1.960565234,2.641754225,6.948791859,1
819,5.115302972,4.915228513,4.998966874,4
820,4.638662658,4.878238906,7.696473901,3
821,5.414848054,3.916679455,2.383536016,5
822,5.631361952,5.639057497,2.130258523,5
823,8.470528766,7.703182976,3.2052407,2
824,4.925969402,4.764669435,5.791757769,4
825,5.484801146,3.176298877,2.288833246,5
826,7.758615681,7.89076637,5.684683041,2
827,2.322981018,2.419973194,3.819416103,1
828,5.259675899,3.944417614,2.23548162,5
829,2.225736272,2.164171334,6.068346247,1
830,7.862017143,7.717581222,5.827444502,2
831,4.788843231,4.779725174,7.861849428,3
832,1.993170161,1.88865368,4.4020114,1
833,5.210960036,5.486481649,2.124566699,5
834,5.170245157,6.020014051,7.460867785,3
835,1.944882085,1.902336139,5.654144111,1
836,8.008757553,7.896553558,5.751513798,2
837,2.013810303,1.694449308,4.515414713,1
838,5.545467554,4.695130603,2.059044418,5
839,4.817605275,6.380169988,2.171196855,5
840,7.529560409,8.147529776,4.271132269,2
841,1.227875916,2.381077609,3.219283636,1
842,2.784706054,2.202039592,4.778545463,1
843,1.931315606,2.103528888,5.670778004,1
844,4.603696188,4.410191129,1.764468661,5
845,4.924073002,5.42509995,4.775405142,4
846,2.031585486,1.991929046,4.143541373,1
847,4.82401771,6.291942145,7.687445772,3
848,8.186096334,7.853191383,4.120924212,2
849,8.194276921,8.193627314,3.612365568,2
850,2.162586834,2.104078433,5.936427493,1
851,4.661843749,4.698384531,6.065058959,4
852,8.048479865,7.708914656,6.093122438,2
853,2.085645815,2.351415621,6.101173859,1
854,1.798687819,2.088496154,5.847145231,1
855,8.078637133,8.030538917,4.534971306,2
856,5.21043423,5.545492069,2.356357294,5
857,5.46535405,5.053155473,8.106291736,3
858,5.044592695,6.186320743,1.887288394,5
859,5.043758677,5.86711566,8.24875725,3
860,5.072558646,5.353321409,7.887892938,3
861,4.911548141,5.305548847,8.103318563,3
862,7.782776759,7.99830654,4.500624719,2
863,5.147275574,3.637958751,8.091460469,3
864,4.779880187,5.652699024,2.318328699,5
865,7.846629547,7.986807308,5.087904395,2
866,5.045683222,5.029835563,6.26771847,4
867,5.188029295,6.380199942,7.418462287,3
868,4.192622727,4.558755567,1.956110815,5
869,2.066634583,2.209783218,3.393861511,1
870,1.802601258,2.347700736,6.75253409,1
871,4.630342407,4.369208293,4.401899245,4
872,4.988282225,3.739595191,2.485262583,5
873,5.240609661,5.742221546,3.611204767,4
874,5.157876801,3.513797987,2.398559434,5
875,4.770349054,4.185808379,4.058828774,4
876,5.525523224,5.395434945,4.161203632,4
877,2.340631129,1.917286597,4.820399211,1
878,5.50579908,3.544262163,7.877052062,3
879,5.005102716,4.715633967,4.766085951,4
880,5.437395664,4.762263272,8.100550326,3
881,5.261264933,4.356785064,1.890257787,5
882,8.049061055,7.944104996,4.592192136,2
883,5.668659983,6.75875291,7.731246507,3
884,7.657848129,7.927567155,5.723607867,2
885,5.204020017,3.97913649,4.756370195,4
886,4.447799533,6.727571374,2.181705498,5
887,4.782774212,5.728623076,5.783911809,4
888,8.98335304,7.890639056,4.588468294,2
889,2.22160761,2.188769115,4.286459464,1
890,4.758415326,6.345040369,2.280052822,5
891,5.027149447,5.176790365,2.109076205,5
892,4.742422131,4.199490322,1.895947983,5
893,4.053276496,5.86146527,2.059402492,5
894,2.083653017,2.109595634,5.485715539,1
895,4.864393472,5.314257887,7.944811609,3
896,8.060042995,8.111956663,4.823819171,2
897,5.189650154,3.901140859,2.119099455,5
898,5.141663296,3.880880035,7.831615435,3
899,5.266912669,3.11961361,2.506398603,5
900,5.353208366,3.923391721,3.683910913,4
901,5.274928183,4.395641964,5.188597453,4
902,4.460141982,5.27886953,1.904738545,5
903,4.778383029,6.532241932,7.499821983,3
904,2.124530534,2.092339179,4.494025147,1
905,1.623380417,2.237494165,5.527080537,1
906,4.710566003,4.533318641,3.354195392,4
907,1.556657121,2.326897388,3.383535193,1
908,4.500749122,4.153173769,2.229454557,5
909,5.469250316,4.170139204,5.732577117,4
910,8.460653864,7.547305626,6.349519272,2
911,2.136886965,1.929677247,4.778729044,1
912,8.21463994,7.70319209,6.865125847,2
913,5.893221137,8.246930174,3.257981018,5
914,4.913572553,5.469272257,4.155024657,4
915,4.933442562,5.02344671,8.357089609,3
916,5.038065183,5.284120592,3.978301065,4
917,5.113469281,5.685555782,2.019594243,5
918,5.251907559,4.772366522,7.636095019,3
919,5.194424076,4.257676224,5.157034646,4
920,4.979400168,6.464099741,2.232062733,5
921,5.29693297,3.970948719,7.928299542,3
922,5.644566078,6.686989674,2.584591068,5
923,4.357789226,4.037620373,4.09398661,4
924,5.008412219,6.160204725,7.928273198,3
925,5.297533885,5.198249453,5.547378939,4
926,4.521018549,3.315269627,2.309514811,5
927,1.812836494,2.171313356,3.663363822,1
928,5.123435839,3.775291981,7.774996486,3
929,5.123437505,5.383258299,2.002837719,5
930,8.014834215,7.821239622,4.236571377,2
931,5.219242923,5.557039657,5.961495857,4
932,4.611363649,3.893217497,1.775466967,5
933,8.106970003,7.941998722,6.13197897,2
934,5.372559758,5.150151587,2.01052907,5
935,1.855078749,2.79279037,7.058871297,1
936,7.947628997,7.695001987,6.5179511,2
937,5.060037619,5.098627621,4.097499942,4
938,5.49071461,5.72185994,7.660460252,3
939,5.389976717,3.032299271,7.418958641,3
940,4.677164602,5.109142843,7.998685196,3
941,1.892411133,2.011685976,4.158074251,1
942,8.38301758,8.052380289,5.501357216,2
943,5.052049501,5.015913259,2.08137823,5
944,4.985428104,2.123626655,7.083576345,3
945,5.037698055,6.032115544,2.183175558,5
946,1.986633578,2.051836234,4.08028476,1
947,7.219643798,7.840617492,4.96917727,2
948,4.564445447,5.905482709,4.687354325,4
949,2.060372725,2.278913763,3.961089248,1
950,4.748233991,4.92628381,5.506341974,4
951,5.324448898,6.068540242,5.227917867,4
952,1.760073912,1.986732415,5.536771879,1
953,4.665802111,3.726890813,2.01999314,5
954,1.566186774,2.294629064,6.596252647,1
955,4.785099139,7.192843028,2.62226523,5
956,4.59006342,5.373973987,1.912517995,5
957,5.617026049,5.289387947,5.224399141,4
958,4.683519928,5.217420491,2.218454259,5
959,5.293935074,5.886171894,4.730432266,4
960,4.441869237,4.745058783,4.499572784,4
961,5.564550324,5.245952647,1.688969631,5
962,4.935080989,5.274652528,7.764642072,3
963,5.049693853,5.122466817,5.299796116,4
964,1.977754997,2.19471206,3.910770666,1
965,4.995113742,6.454950674,2.335076876,5
966,7.639658916,7.930599396,5.380683219,2
967,4.628086132,4.636071199,4.538270265,4
968,1.655804395,1.841612117,6.084267306,1
969,4.514695723,3.305116189,2.403206964,5
970,4.393018817,5.147118515,4.486510536,4
971,4.832337704,5.23558283,7.927049916,3
972,4.294787258,3.077252365,7.40938216,3
973,2.201554133,1.770170206,4.45438653,1
974,1.922410198,1.896257673,5.774930065,1
975,5.198253837,4.708368975,4.417682534,4
976,4.894107726,6.70222201,2.608469577,5
977,5.30110255,5.501413562,7.719111585,3
978,5.332703471,4.027477337,4.748322574,4
979,4.826856491,4.600949409,2.373780491,5
980,5.395190302,3.909529782,8.067076996,3
981,1.499661899,1.872642011,4.103442901,1
982,2.066216446,2.247517718,3.405913027,1
983,5.187521429,5.293778869,3.657969126,4
984,8.194659163,7.764752399,5.801080199,2
985,5.092756607,5.691951748,5.287268631,4
986,4.981593312,4.798301073,2.155537646,5
987,7.381936066,7.872080781,4.221296458,2
988,4.908486318,5.717501177,5.047884186,4
989,2.417770277,5.665655084,1.015867254,1
990,5.117351418,5.197895615,5.553413506,4
991,5.237280384,4.90127302,5.310285574,4
992,1.515889409,2.121063354,5.247417092,1
993,5.056279406,4.6064758,4.669550228,4
994,4.725979117,5.591850154,5.678480468,4
995,4.753805649,4.741666248,7.795318779,3
996,5.425415937,3.764667113,7.80823238,3
997,5.096209441,4.742376698,1.99600145,5
998,2.090218417,2.108312653,5.563032703,1
999,4.71085475,4.141760379,1.785262249,5
1000,2.128215627,2.040884476,5.002368404,1
1001,2.805650856,2.452003022,6.857615852,1
1002,5.340032117,6.282484529,2.230145275,5
1003,5.139545962,6.680932116,2.020951571,5
1004,7.962017367,5.790604907,8.600704964,2
1005,4.591196842,5.837972006,2.22251668,5
1006,7.861786029,7.945609582,4.601004152,2
1007,5.159865085,4.658688755,5.494617503,4
1008,5.2002626,3.825583607,2.218811757,5
1009,4.697342667,6.088715124,7.537260461,3
1010,5.05432529,4.737113354,7.788631896,3
1011,4.795444687,5.161722717,5.180697241,4
1012,5.293014352,4.947229276,4.251012612,4
1013,5.413087392,5.329449,2.296335606,5
1014,8.135554039,7.884201276,5.591892813,2
1015,4.485457789,3.899039397,7.519427071,3
1016,5.179230223,3.031250518,7.778923656,3
1017,1.689867727,1.967890198,5.475757664,1
1018,1.979188812,1.801107801,5.700806603,1
1019,5.448850493,5.240110386,7.873278089,3
1020,2.739213546,1.900215107,4.706713014,1
1021,4.925043142,2.999550359,7.152492926,3
1022,4.763218062,5.686001114,7.899097873,3
1023,5.173916622,5.182885117,8.2903699,3
1024,8.183638889,7.394933498,2.878619113,2
1025,4.879173134,4.417743378,7.860756629,3
1026,2.024096425,2.94430263,7.673175122,1
1027,4.423202697,5.540801293,5.123410054,4
1028,1.792302906,1.959847065,5.070864825,1
1029,4.670918393,5.473832513,7.85216399,3
1030,1.827208,2.188983092,5.573643277,1
1031,4.900426578,4.514242064,2.264470815,5
1032,2.238969795,2.02986691,4.524084206,1
1033,5.395726475,3.252117182,7.826049875,3
1034,1.360823104,2.097372842,6.065848778,1
1035,4.805169022,5.771498829,1.974912541,5
1036,4.808178555,4.103349456,8.155801161,3
1037,1.734321553,2.126952485,5.192261882,1
1038,1.641173752,1.873323455,5.251094525,1
1039,4.360448081,5.685799477,4.551021673,4
1040,4.998443237,5.774028093,4.690983082,4
1041,4.86659845,4.035122817,7.544594545,3
1042,8.539931637,7.576345295,3.392436982,2
1043,5.648240723,6.541908263,7.912690147,3
1044,5.351782881,2.851561243,7.545792252,3
1045,1.573872804,2.852447456,2.598625065,1
1046,4.356028021,6.941658097,7.107797851,3
1047,2.56678742,2.309631056,3.072069928,1
1048,4.837336967,4.951852285,2.350461134,5
1049,1.966871624,2.074309901,4.603647215,1
1050,4.737602137,5.146175818,1.906478434,5
1051,4.756751834,5.634722542,8.0965417,3
1052,4.819075055,4.180338938,2.190264203,5
1053,7.979508764,7.927954752,5.477313307,2
1054,4.82314016,5.501424053,2.244685714,5
1055,5.130880942,5.527331243,4.531643512,4
1056,5.1536744,5.141206908,8.005505307,3
1057,4.905090807,4.996257293,2.361321228,5
1058,4.847675457,6.259800723,5.239647701,4
1059,4.665858012,4.364375939,2.033783376,5
1060,4.480912106,4.187395859,2.144937799,5
1061,5.152041116,4.681793463,4.88669253,4
1062,1.947718229,2.026367714,4.724157752,1
1063,1.837601517,1.885765564,4.452541643,1
1064,4.775413783,5.977112403,7.922180489,3
1065,1.703330095,1.872421981,4.384407217,1
1066,8.096709749,7.933186807,5.304415701,2
1067,4.404221969,6.525588924,7.636428504,3
1068,1.55429855,2.203577347,5.136705855,1
1069,5.106346518,5.690056703,1.979867414,5
1070,4.517483243,6.384377402,4.887996822,4
1071,8.412533835,8.082846763,4.853883758,2
1072,7.759613357,7.933555442,4.330017593,2
1073,5.01353179,4.889549469,2.044287754,5
1074,4.717044787,7.289167079,7.517022879,3
1075,5.29484746,4.704358805,2.430052382,5
1076,4.902548924,4.481027213,8.167563797,3
1077,4.513360633,6.932948213,2.659615101,5
1078,4.659371292,4.948832227,7.802231719,3
1079,4.72989053,5.460193847,5.065732244,4
1080,4.781028383,6.138619456,4.937665152,4
1081,7.519314126,7.955101072,4.019845137,2
1082,2.063270814,2.222473435,5.735203378,1
1083,4.858695105,5.435143104,5.49356819,4
1084,1.468791473,2.197747752,5.052057776,1
1085,8.103149638,7.871637914,5.593204876,2
1086,4.826371409,6.720872357,7.720484641,3
1087,8.018539301,7.879962005,4.364111186,2
1088,4.549701034,5.458859752,5.393441435,4
1089,5.505716969,4.328791942,5.048369695,4
1090,1.518644559,2.047976276,4.369551545,1
1091,7.709901098,8.031166154,5.200992106,2
1092,5.049015489,5.383416036,1.817685493,5
1093,4.996848408,6.174883803,7.739158037,3
1094,1.456304331,2.02259652,4.53793995,1
1095,1.329724581,1.690791583,4.891079463,1
1096,8.105659914,7.009188365,2.289881752,2
1097,5.153871807,3.878821954,7.898072473,3
1098,5.258623835,3.81367306,8.166798276,3
1099,4.330723017,4.509240681,1.927911925,5
1100,4.553981312,2.294588967,3.138121111,5
1101,5.197768366,4.976216153,1.974057149,5
1102,7.965121363,8.016309923,4.468651984,2
1103,4.864442542,5.810995089,4.037513189,4
1104,5.086408573,4.575743172,7.946454985,3
1105,4.988195051,4.272751176,7.977097173,3
1106,5.093692343,4.451923177,8.09079689,3
1107,2.138761143,2.053352988,6.216100927,1
1108,5.142867072,5.428694669,4.528497949,4
1109,4.991915427,6.807985494,2.408707534,5
1110,8.263529834,7.866440608,4.867325912,2
1111,4.981642371,4.822446774,7.788491862,3
1112,5.113922898,5.324079749,2.104124002,5
1113,5.550546652,4.61621187,1.844784832,5
1114,5.540669167,3.982997369,8.059394801,3
1115,4.477259251,6.092384284,5.015424965,4
1116,2.292334503,2.00427915,4.678506588,1
1117,5.31192452,2.782152119,2.494501914,5
1118,4.906701988,5.168014494,1.8010755,5
1119,7.619282059,7.769857057,4.214657594,2
1120,7.335508858,7.922432904,4.737467597,2
1121,4.912074755,2.827629624,4.955549252,4
1122,1.858649199,1.861711179,4.603743666,1
1123,4.464203046,5.95901216,2.218811126,5
1124,7.892211358,7.959530587,4.141854195,2
1125,2.432669237,2.163637038,4.453256718,1
1126,4.558268553,5.31812625,4.900816306,4
1127,8.298817825,7.972033852,4.872566809,2
1128,1.980663414,2.263373728,4.915736128,1
1129,5.216585589,8.256621121,3.595458275,5
1130,8.027620002,8.052832869,5.750926869,2
1131,4.888169576,4.574783319,4.581231215,4
1132,4.350058058,4.78096192,1.864724663,5
1133,1.510825513,2.254060716,6.477099763,1
1134,7.999468706,8.131817474,5.332037153,2
1135,2.005523448,2.29572459,4.79602366,1
1136,1.788026801,2.415942368,3.391113961,1
1137,5.347381662,5.781364683,1.852402199,5
1138,4.458707867,5.178961576,4.358853693,4
1139,8.100924331,7.798910141,3.986603858,2
1140,5.055502731,4.420303613,1.955792496,5
1141,5.162118989,3.754202422,7.830284524,3
1142,4.888758333,4.866988545,4.132334103,4
1143,8.241040831,8.257507853,5.132727244,2
1144,5.267235393,3.753278302,1.890915902,5
1145,7.913090514,7.99823709,4.289994421,2
1146,4.646685316,4.884168649,8.274711464,3
1147,4.953720352,6.347829974,7.643354105,3
1148,7.374186678,8.144777229,4.26128049,2
1149,7.95964024,8.016856307,5.713415905,2
1150,1.787901823,2.043984112,5.240797606,1
1151,1.496409448,2.206026092,6.135920118,1
1152,5.55882187,5.324287881,5.70944573,4
1153,7.961742781,7.950023774,5.005894082,2
1154,4.932999558,5.275902926,1.580946843,5
1155,4.643162349,5.010409025,7.718436167,3
1156,2.333858148,1.91380588,4.118691392,1
1157,5.370002559,4.937740177,5.247862497,4
1158,2.009153054,2.300087609,4.857863829,1
1159,4.773907598,4.924600339,4.462195894,4
1160,4.858116582,5.23243297,7.977722918,3
1161,4.672668053,4.818340434,4.943489729,4
1162,4.704274256,4.451136511,5.227903967,4
1163,4.614634685,6.567724473,2.737161091,5
1164,8.071486945,8.057746105,4.863285097,2
1165,8.256816724,8.057530469,4.707325737,2
1166,8.149248553,7.956213637,5.602021432,2
1167,5.061409009,5.009581004,2.196232296,5
1168,5.229520649,5.887675153,4.754215464,4
1169,5.321139283,4.943637031,5.225048332,4
1170,4.729099255,5.529560318,5.369190067,4
1171,5.477333391,4.937441844,5.123310417,4
1172,4.974010939,4.835522518,5.677668776,4
1173,5.351780758,5.896251787,7.912574685,3
1174,1.888383713,1.888688297,5.365668449,1
1175,5.443936796,6.78967654,7.416090966,3
1176,1.936639879,2.12527317,5.61847899,1
1177,8.208236076,7.586752438,6.87629545,2
1178,5.26397896,5.211391392,4.229428852,4
1179,5.101926,5.016102528,2.125333596,5
1180,2.178902161,2.218786228,4.960295231,1
1181,4.619040645,5.533662511,4.84175981,4
1182,4.787735378,3.918477568,7.742360494,3
1183,5.174160154,4.797414069,2.029665622,5
1184,5.295818241,4.391949337,4.921866639,4
1185,5.055234209,6.249974763,8.196757456,3
1186,4.877678572,5.691532406,7.949936918,3
1187,5.631340361,6.348640134,5.56445714,4
1188,1.923076355,2.257148917,6.494847381,1
1189,4.920711129,5.970259314,8.05249226,3
1190,4.735085254,5.15427078,8.153196072,3
1191,7.81637078,7.959792398,5.283759015,2
1192,4.913547409,5.151072799,4.269951574,4
1193,5.20748738,4.58269957,4.570850996,4
1194,4.773066446,4.757799676,4.748679114,4
1195,7.947794575,7.972953352,4.943209525,2
1196,5.163796414,5.477594852,5.760402686,4
1197,7.933700374,7.722073997,5.511312625,2
1198,4.809018349,3.977296197,7.648162988,3
1199,1.280326762,2.378509034,3.883747603,1
1200,4.740432463,4.672200999,8.114406967,3
1201,7.941328975,7.354113175,2.853311742,2
1202,1.593040741,3.246022145,7.733100938,1
1203,4.742442068,5.094002813,4.949456272,4
1204,4.841188901,3.796985904,1.92157159,5
1205,1.425870247,1.890784723,5.394443017,1
1206,7.843281484,7.86167101,5.103567228,2
1207,7.980872115,8.095453061,4.315116856,2
1208,8.15785055,7.884855378,5.057744861,2
1209,5.082603119,5.46638343,1.941796205,5
1210,5.204841853,5.908667519,8.006933535,3
1211,1.714396035,2.05221498,3.728726553,1
1212,5.156394998,5.991732878,8.197487661,3
1213,8.124490259,7.77634054,3.830524739,2
1214,4.823959863,5.195867318,3.912100052,4
1215,4.454557091,6.073917447,7.455976272,3
1216,5.015634483,6.244310916,5.697703867,4
1217,5.348676194,5.191375701,2.263118225,5
1218,4.883744955,5.736314209,7.804047199,3
1219,8.015905591,7.778190469,6.447884875,2
1220,4.46394539,4.381095493,8.198209969,3
1221,5.150719237,4.261161781,1.834767426,5
1222,4.897332511,4.666591482,4.995094187,4
1223,4.493115526,3.991336769,8.032729303,3
1224,4.816612995,5.341112442,7.823857239,3
1225,1.979179458,1.897744426,4.118461644,1
1226,1.734734577,2.338407556,3.58122129,1
1227,7.942028823,7.81100483,4.375047578,2
1228,5.475983669,4.157143141,5.454881953,4
1229,2.007491467,2.799096364,2.655498069,1
1230,5.519119371,6.20122911,2.216925213,5
1231,2.240223223,1.943978451,5.174327506,1
1232,7.728364374,8.099120919,4.730747196,2
1233,8.177430116,7.374987813,2.778595528,2
1234,5.486456446,3.967227199,7.98784396,3
1235,4.719900181,5.688028532,5.40358689,4
1236,2.486603046,2.108552999,4.283142038,1
1237,8.258898764,7.931652058,5.097575944,2
1238,2.108456441,2.162225756,6.23896062,1
1239,1.993182799,2.454007582,6.644039844,1
1240,1.800275037,1.881631641,5.184424801,1
1241,5.061669822,4.95106646,4.864655234,4
1242,5.084367412,5.337990595,4.077073155,4
1243,5.571926413,4.595938301,8.052966551,3
1244,7.815649704,8.032872239,4.69903831,2
1245,4.566261911,5.465240849,7.478603328,3
1246,2.310794287,2.001018926,5.191857296,1
1247,5.847444152,5.208479824,8.235081826,3
1248,5.239172544,4.54495191,2.021189914,5
1249,4.973336334,4.92332952,8.186512385,3
1250,2.052037544,2.242289746,5.246551648,1
1251,5.203451934,5.879279111,8.046114506,3
1252,5.266725138,3.577222211,7.933833973,3
1253,4.540632421,5.124302969,2.21219782,5
1254,5.427168238,3.657665994,2.324818914,5
1255,1.961611653,1.878421278,5.68774235,1
1256,4.703231486,4.943984741,2.134109734,5
1257,5.669408029,6.067579437,7.937324186,3
1258,8.422235662,7.952757012,3.85445117,2
1259,8.145442491,7.89181424,4.625202977,2
1260,5.508329176,6.73177909,2.525549001,5
1261,7.934958251,8.03001267,4.255932066,2
1262,4.306496545,7.384312192,3.029450481,5
1263,4.804180736,4.853805587,4.988325155,4
1264,4.841697284,5.009841065,2.122499894,5
1265,4.961892839,4.719459657,7.835106148,3
1266,8.043802986,7.852052822,5.537000916,2
1267,5.010520662,7.23079301,2.98789057,5
1268,7.906811648,7.889522819,4.438754616,2
1269,4.602037452,6.409093806,8.007683268,3
1270,5.331183897,4.980958368,2.246460115,5
1271,5.020873887,3.880522035,7.786325867,3
1272,1.676570556,2.225246446,4.182679876,1
1273,2.21205266,2.037592922,5.362924796,1
1274,2.376834508,2.084388001,5.899286213,1
1275,4.701622332,4.970670756,1.62615352,5
1276,4.675461306,6.961265797,2.716362855,5
1277,7.735459876,7.940133661,4.899595566,2
1278,5.45467429,5.166495163,2.33389128,5
1279,4.748825874,3.08331269,2.375936807,5
1280,5.259559018,2.927517795,2.21120668,5
1281,1.850620051,2.387876167,3.226645702,1
1282,5.775664538,4.659363103,4.187535713,4
1283,5.419353889,5.23863929,2.320862674,5
1284,5.194224171,7.245593833,3.024147129,5
1285,4.853022466,5.20921431,7.761841768,3
1286,5.519294373,4.347604868,8.165408711,3
1287,5.204939409,4.743514244,7.821965345,3
1288,5.288854747,5.616236246,2.421601056,5
1289,4.454489161,5.310630038,4.262365052,4
1290,1.834190366,2.321704816,6.315716318,1
1291,8.177883329,7.736439603,3.662999754,2
1292,4.672797693,4.270793967,1.915928007,5
1293,4.780262301,4.063768379,2.09520792,5
1294,4.986358507,3.831843088,4.62846622,4
1295,5.10292027,4.151098924,5.164899318,4
1296,5.224164921,5.38236587,4.746704253,4
1297,4.963993248,5.95149117,1.912476258,5
1298,5.02458114,4.376645237,1.867511186,5
1299,7.744052343,7.82216439,5.836107006,2
1300,1.927733914,1.917612396,5.253276498,1
1301,5.43731171,5.774576483,4.059354828,4
1302,8.25391675,8.055126673,4.354529478,2
1303,5.332823729,5.639099839,8.347692108,3
1304,4.762257591,2.027085406,3.28953199,5
1305,5.580957335,5.75441733,1.789043086,5
1306,2.111337121,2.247451586,3.903346313,1
1307,7.872384748,7.832698358,5.350542925,2
1308,4.75039209,4.331257084,6.174124149,4
1309,2.063704547,2.242609626,3.840801494,1
1310,4.611567418,4.866356917,7.989038026,3
1311,2.060620958,2.004110409,5.007401872,1
1312,5.314040809,5.554920232,7.976851293,3
1313,5.351478717,6.050793144,1.870494459,5
1314,1.598370664,1.992189791,5.397840094,1
1315,4.839011685,5.609493563,4.290820307,4
1316,4.790226823,5.892446454,7.95074565,3
1317,5.200894793,6.199677453,7.328720032,3
1318,5.23207477,5.730994916,4.916634694,4
1319,1.991960316,1.923014819,4.533111941,1
1320,4.621607384,5.452459898,4.594769444,4
1321,4.888007548,5.928151299,2.080341215,5
1322,8.066972226,7.583512925,3.331595856,2
1323,4.912520851,4.44776002,1.906810503,5
1324,5.745913823,6.021559788,2.265373524,5
1325,4.689943103,4.710190072,5.314117053,4
1326,1.750673322,2.256185604,4.436463109,1
1327,2.461669606,2.911487366,7.356575442,1
1328,2.158266589,2.133956499,4.691675598,1
1329,8.245059154,8.023461117,4.868831071,2
1330,8.01038851,7.599839971,5.745450966,2
1331,8.49484913,7.885469999,3.769271562,2
1332,8.345114209,7.900182226,3.846592681,2
1333,1.695825402,2.109706312,4.655794514,1
1334,4.95837724,6.644837225,7.840071595,3
1335,5.155384022,4.897377544,6.161936364,4
1336,2.636200307,2.244600246,6.254733619,1
1337,8.122119812,8.04767534,5.224828954,2
1338,1.63866826,2.736666919,7.270283866,1
1339,4.973967045,4.132272396,5.499538177,4
1340,4.991283438,5.895358399,4.412388355,4
1341,1.399891207,2.613502615,6.803763278,1
1342,4.727276302,4.903130489,8.257313228,3
1343,4.927185329,6.509746646,2.71892359,5
1344,1.582590131,1.951449591,4.269695939,1
1345,5.362912147,4.985925106,5.653454107,4
1346,5.238206873,5.054633037,3.978903323,4
1347,8.221886735,7.931189975,6.1119231,2
1348,5.416325967,4.274010273,2.128949893,5
1349,5.007132899,5.183190993,8.216275016,3
1350,8.077433657,7.821328426,3.543245654,2
1351,5.391853129,4.791093587,8.143233858,3
1352,5.017433199,5.625723322,8.188615856,3
1353,4.242610889,5.727601416,2.315426845,5
1354,8.033500315,8.019244569,4.293398887,2
1355,5.018343613,3.265820176,7.70099176,3
1356,5.71176357,4.775593551,5.573119318,4
1357,5.14138389,4.832778279,3.666035068,4
1358,8.189144826,7.995851423,4.500501922,2
1359,5.195691367,4.705260017,5.323276949,4
1360,5.626103385,5.518824139,5.423906484,4
1361,7.945958662,8.068980183,5.542258949,2
1362,2.085906683,2.515705495,3.060458889,1
1363,5.43357561,5.134007087,2.029756428,5
1364,4.415900558,5.326450206,2.13681662,5
1365,2.195021654,2.224814219,5.831467477,1
1366,2.141503616,2.537940199,2.866206324,1
1367,1.370851192,2.138062872,5.330510698,1
1368,7.832778015,7.872891326,6.317737094,2
1369,2.198836375,2.034361859,5.252659455,1
1370,4.561408366,5.278842713,4.935719756,4
1371,7.409450964,7.809388757,3.754253422,2
1372,5.101013723,5.169490701,5.514353043,4
1373,5.239715596,5.902419073,5.27248625,4
1374,8.174349698,7.68855333,3.043303292,2
1375,1.448437583,2.008237802,5.058558071,1
1376,2.465169962,2.246126005,3.934733837,1
1377,4.928709946,4.44998792,5.84797461,4
1378,5.322654685,5.44666329,2.124665473,5
1379,5.150441791,4.593856902,2.017593904,5
1380,7.995166102,7.770460691,5.247223999,2
1381,1.816797663,1.972284232,5.796097163,1
1382,1.343834469,2.035247214,5.040407914,1
1383,5.316229197,6.212860349,7.785612521,3
1384,5.03491063,4.817907523,2.151926547,5
1385,5.32167965,4.70582166,4.224297048,4
1386,4.456135656,3.411318299,2.136664639,5
1387,4.53169085,5.522991425,8.014643139,3
1388,5.407317275,6.185759563,2.219768511,5
1389,2.165547755,1.947263571,5.787351092,1
1390,8.08899692,7.8668056,4.950754078,2
1391,1.461460075,2.085528066,5.48775083,1
1392,1.750974735,2.062807017,5.689403017,1
1393,2.071771858,2.526293332,7.244836663,1
1394,4.596836917,4.876239271,3.907032162,4
1395,2.04897431,2.262014646,3.296439552,1
1396,8.492804492,7.882149949,3.598022414,2
1397,4.870862406,6.114975775,2.468673472,5
1398,2.224873485,2.012875295,5.589255846,1
1399,4.690348974,5.579161584,5.068468228,4
1400,8.318081822,7.976833614,5.869902918,2
1401,7.891442414,7.706430228,6.168583038,2
1402,1.752768045,2.060681766,4.571385369,1
1403,2.011567625,2.206546032,6.198866465,1
1404,4.628274649,4.69641021,5.1384043,4
1405,7.788761864,7.84106199,4.081555231,2
1406,5.260854082,5.681981895,7.964147386,3
1407,8.382988598,7.948272111,5.462434025,2
1408,5.133739091,3.375952197,2.359283508,5
1409,5.233345451,5.651763027,5.612067048,4
1410,2.134021971,3.038725171,2.1692684,1
1411,4.734624973,5.378641098,6.2241689,4
1412,4.183072205,3.850356897,7.623104127,3
1413,4.53804524,5.852133504,7.868114734,3
1414,5.149528177,6.225709461,5.909443099,4
1415,5.81080563,5.936621128,7.596339726,3
1416,1.576441014,2.059473417,5.089554238,1
1417,7.361329914,7.84774369,5.430539641,2
1418,4.936628307,6.053235771,2.02450108,5
1419,5.381679895,3.113354397,7.339272172,3
1420,4.48652647,4.943527847,4.709004926,4
1421,8.083730134,7.726946941,3.821176041,2
1422,4.846642264,4.141710806,1.843820876,5
1423,8.163777631,7.440097335,7.417254601,2
1424,7.712754341,7.031685455,7.400588653,2
1425,5.54705905,5.230240703,7.573520228,3
1426,4.99378554,6.316470704,2.206719001,5
1427,2.079047846,1.955595878,4.680620052,1
1428,5.266529399,5.206715601,1.784511391,5
1429,2.222169683,1.90234678,4.575358634,1
1430,8.290008566,7.938333799,4.633035976,2
1431,5.110078673,4.814204528,4.685510304,4
1432,4.850369234,5.228647727,2.152849991,5
1433,5.013654042,7.33846105,2.724536118,5
1434,2.47046575,2.216143677,5.289202371,1
1435,4.851513564,6.145892988,7.760044891,3
1436,5.012179375,5.543042906,8.112803657,3
1437,7.669881253,8.323807253,4.868873545,2
1438,4.909984416,5.08894184,5.522932963,4
1439,5.142176559,6.45286439,7.701382852,3
1440,7.985735398,8.045673667,5.13354214,2
1441,4.883552245,4.64033777,7.879869013,3
1442,4.804963572,3.874983914,7.887489791,3
1443,5.199025182,6.349373102,4.406624035,4
1444,4.648654273,5.066997657,5.082007929,4
1445,5.403268483,5.384676186,8.272990318,3
1446,4.726259422,5.935704322,4.107141739,4
1447,7.929622773,7.969306831,5.7029141,2
1448,4.454634868,5.293368029,8.051072646,3
1449,5.090501981,4.218971993,8.051890302,3
1450,2.114857011,1.932127347,3.786347872,1
1451,7.837052498,8.108088311,5.54909051,2
1452,5.435285015,6.999406708,7.863960348,3
1453,1.88073488,2.016277135,5.3608338,1
1454,5.156295553,4.598080899,4.978946033,4
1455,5.211869275,4.446893364,7.930695894,3
1456,5.542796505,2.968444321,2.580847146,5
1457,4.87986118,5.331448635,8.157917478,3
1458,1.887458211,1.984057402,4.031491816,1
1459,2.007209487,1.762492546,5.020186226,1
1460,5.892306379,4.743432449,4.214782014,4
1461,2.144940347,2.147078468,5.727733309,1
1462,8.124936233,7.840834719,3.975757563,2
1463,5.00166061,4.681190825,6.227720931,4
1464,2.100755231,2.215560479,4.621065543,1
1465,5.145262719,3.844227426,7.916815955,3
1466,4.988900163,6.299337704,7.598470473,3
1467,1.923952745,2.161077308,4.212622275,1
1468,5.027606114,6.428291032,2.330472887,5
1469,8.288103092,8.028498014,5.076643876,2
1470,1.966140439,1.972323854,4.770958068,1
1471,5.435620941,5.39253251,5.250100977,4
1472,1.784370198,2.270995573,5.621489856,1
1473,4.642396739,5.201512655,7.7900336,3
1474,4.68793012,3.600104248,2.286051978,5
1475,2.302038601,1.835231239,4.867756832,1
1476,5.235418841,5.327644942,1.936744854,5
1477,4.458099768,3.328450267,8.092523171,3
1478,5.164870196,4.851166553,1.964554536,5
1479,7.870375423,7.828662253,6.344534219,2
1480,1.804664007,1.913080785,4.722244519,1
1481,5.096376247,5.480681933,7.992580527,3
1482,4.455549115,4.985607063,2.020997338,5
1483,4.841007058,4.34645861,4.349168622,4
1484,2.402366653,1.795034328,4.983506638,1
1485,8.191243407,8.123859703,3.918295687,2
1486,7.906353808,7.950173827,5.161825964,2
1487,2.349617295,1.880668993,4.36014652,1
1488,1.760975393,2.380201941,3.054840221,1
1489,8.132509265,7.43681163,2.712398894,2
1490,4.963958389,4.823183398,1.954761971,5
1491,5.104719987,4.514666954,5.477809842,4
1492,7.717615938,8.138306552,6.031736532,2
1493,5.686944852,6.197748703,2.300960633,5
1494,5.299406265,6.343340894,7.573461993,3
1495,7.824334168,7.909094195,5.530512685,2
1496,7.909704032,7.891761382,5.955721094,2
1497,1.894537268,2.655469204,2.625720382,1
1498,4.839695523,6.000806911,4.929268093,4
1499,5.184469106,5.193350147,1.567647754,5
1500,7.88537036,7.543627386,6.676780669,2
1501,8.162895367,8.272567067,5.852971252,2
1502,5.33702975,4.475168742,4.750888855,4
1503,5.222738048,3.802672073,5.0615827,4
1504,1.332810002,1.93213422,4.771467393,1
1505,4.716020976,4.931456963,4.059885537,4
1506,4.578763903,6.135404746,7.779548911,3
1507,5.216411417,5.280746694,5.33643976,4
1508,8.211997237,7.529163476,6.400229877,2
1509,5.634638023,5.478475474,7.928243315,3
1510,2.224039189,2.335346315,3.35586229,1
1511,5.032615664,3.945757787,8.059624169,3
1512,7.435977801,7.96026533,4.371256349,2
1513,5.076467916,4.981165174,5.198741889,4
1514,5.127232874,5.84147357,5.770597935,4
1515,2.671221881,2.060293336,4.324665739,1
1516,4.781675582,4.449394142,8.028364883,3
1517,8.121601943,7.537945074,6.544273991,2
1518,5.2439763,3.463794676,2.295349761,5
1519,4.993792029,5.82864329,1.698294831,5
1520,1.714348909,2.699002092,2.975878097,1
1521,7.736667811,8.337917335,5.270571488,2
1522,4.733450496,5.136144012,1.902336759,5
1523,5.400020418,5.109395705,7.567010301,3
1524,2.039162284,2.041068142,5.033051267,1
1525,4.732139824,4.744181635,2.253019961,5
1526,7.77744604,8.057120609,5.415107684,2
1527,5.63237462,4.918294518,5.297766639,4
1528,8.355644146,7.572266299,6.130765724,2
1529,1.779232233,2.235264693,4.43956519,1
1530,4.917952524,4.359418421,8.150515775,3
1531,8.224889637,7.961184835,4.309408289,2
1532,4.789542043,4.624668098,4.56543734,4
1533,1.905442746,2.134222252,4.464099472,1
1534,4.679122834,6.027318838,5.261325676,4
1535,4.709704373,6.101318017,7.618113421,3
1536,4.898142827,6.803542394,5.636763264,4
1537,8.194235509,7.850824498,5.954028734,2
1538,5.39278531,3.448434447,7.916550186,3
1539,7.920318926,8.030525345,4.372449332,2
1540,7.829724403,7.971977404,4.640716681,2
1541,5.437585595,4.475763953,1.829012706,5
1542,4.979476107,4.893063011,7.701305902,3
1543,2.211437572,3.055278749,7.670886975,1
1544,4.997707109,4.099063139,4.999431158,4
1545,7.643735221,7.92268839,5.64630484,2
1546,1.986912427,2.406356217,3.504105851,1
1547,1.801108238,2.184636991,3.926782422,1
1548,5.121194895,5.250195593,2.321918083,5
1549,5.182248638,6.713947999,7.430883212,3
1550,4.868372166,4.875167736,4.860922284,4
1551,4.909483713,5.942413933,7.893655424,3
1552,7.749289354,7.64603608,6.749373461,2
1553,5.077414952,5.42390215,2.06968416,5
1554,7.980534126,7.899241468,4.962151726,2
1555,8.135736476,7.973185567,4.009105316,2
1556,8.288309437,8.099244531,4.25937588,2
1557,1.946652657,2.289019765,6.174062802,1
1558,4.654493585,6.610530462,7.438702799,3
1559,1.959196541,2.019395645,5.334369014,1
1560,5.38253987,5.156872942,4.789870005,4
1561,4.780766352,7.064090426,7.359535627,3
1562,5.374793768,4.365295383,2.489932221,5
1563,8.434387428,7.929099242,3.866535144,2
1564,4.974880025,5.238810466,5.74548687,4
1565,5.436113686,6.131679612,1.867858404,5
1566,8.013014121,7.858144136,4.531938948,2
1567,2.211796706,1.922951161,5.181906602,1
1568,2.598788175,2.195920479,5.912457986,1
1569,4.823929969,6.24702585,2.257352213,5
1570,4.506748713,4.767106844,1.700458998,5
1571,5.230516786,4.497509781,7.801156935,3
1572,4.997809035,6.378483819,7.837131801,3
1573,7.89886509,7.594948228,6.329059562,2
1574,4.649177138,3.351381346,2.309866567,5
1575,8.162850305,7.962711077,4.553517532,2
1576,4.938981979,4.286360922,8.01160887,3
1577,4.850161754,2.969210354,2.746072189,5
1578,4.430726978,5.812381181,1.637719716,5
1579,5.216601357,6.145746861,1.94402183,5
1580,4.809667206,6.445468211,2.221046839,5
1581,1.813651503,1.862531225,5.120931314,1
1582,4.88647256,5.907844026,8.047152165,3
1583,5.193315136,6.483395023,7.562071474,3
1584,1.877339603,2.732042327,2.676034545,1
1585,4.346083279,3.95755813,4.769607387,4
1586,4.424436031,4.912817664,3.481127492,4
1587,8.499730052,7.665060781,3.59106326,2
1588,5.232716565,5.566160301,1.790824239,5
1589,5.588283752,3.705197805,1.961488114,5
1590,1.976200291,2.334241652,3.306349949,1
1591,5.545403899,4.427364272,3.956126937,4
1592,7.79330413,7.345364867,7.352212592,2
1593,4.844050323,5.154796632,7.66910609,3
1594,4.858788192,7.258526159,2.649370484,5
1595,4.998563886,4.501796182,6.618898287,4
1596,8.141766861,7.977868518,5.756701841,2
1597,1.98117434,1.965085744,5.501449136,1
1598,5.361573443,5.871915921,7.829447482,3
1599,4.987538836,5.462409726,1.868674982,5
1600,5.477862729,4.68399951,2.285897484,5
1601,1.928332576,2.502845089,7.160240866,1
1602,4.881076624,4.984393001,7.84001104,3
1603,4.909869242,5.917386274,7.772599944,3
1604,5.111441746,5.224349699,7.748575998,3
1605,4.383956585,5.309353314,4.839773719,4
1606,8.395234179,7.864897441,4.806796643,2
1607,5.370675413,5.051220571,5.209288938,4
1608,8.249547158,7.742709299,4.952946899,2
1609,4.888383425,5.19597848,4.503501393,4
1610,2.216174193,2.091039634,4.442540912,1
1611,7.966187578,7.896324041,3.792698927,2
1612,1.635359894,2.280138884,5.617740962,1
1613,4.954788094,6.051055099,1.948995577,5
1614,5.193483369,5.162431913,2.328539286,5
1615,1.844971221,2.6176327,3.074911614,1
1616,5.033500598,4.759732527,8.079468229,3
1617,5.018705432,4.55760277,4.743917161,4
1618,2.377909933,1.962319106,5.114128629,1
1619,4.961797959,4.58480973,6.111344721,4
1620,5.218546828,4.240757903,1.829601892,5
1621,8.040282482,8.05367228,4.605334725,2
1622,8.281248688,8.063853672,5.789250583,2
1623,5.004216282,5.802567603,8.22009395,3
1624,2.069276083,2.142618203,5.293245355,1
1625,2.585147163,1.954568739,4.882995982,1
1626,5.252555517,3.983900794,2.135606787,5
1627,2.559438721,2.069533054,4.49817192,1
1628,7.812373062,8.075941356,5.866512175,2
1629,1.87549064,1.911983883,4.854602551,1
1630,7.770835325,7.997304513,4.760507719,2
1631,7.829796564,7.927129894,5.930889357,2
1632,5.324100821,4.428580991,1.938042788,5
1633,2.382756935,2.614817087,3.059820976,1
1634,4.837213896,2.338979767,7.220696411,3
1635,2.075754257,2.094004951,5.758731041,1
1636,1.886108492,2.302997325,6.675452144,1
1637,5.339227678,5.531426622,1.851592876,5
1638,4.471571673,5.731633889,4.698168643,4
1639,7.929114695,8.140747454,5.325901798,2
1640,5.3678548,4.67065102,2.027573848,5
1641,4.875328063,5.029391253,7.865524687,3
1642,4.753180174,4.178362745,3.899538622,4
1643,1.772129835,2.140766685,4.650444554,1
1644,2.131055858,2.148558243,4.662921424,1
1645,5.36102585,4.267813366,5.582101435,4
1646,5.052838944,4.949665096,2.010485028,5
1647,8.307633747,8.076307508,5.548656638,2
1648,5.559507475,3.885400774,2.240520439,5
1649,5.233712666,5.180515073,8.032904123,3
1650,5.058591519,5.428582862,7.896395659,3
1651,5.09828776,6.480345971,7.82879599,3
1652,5.203798897,4.947609938,7.971551316,3
1653,5.123223088,4.125489102,7.79583363,3
1654,4.492283619,4.756611785,4.422424778,4
1655,4.530554764,4.76741913,2.336821418,5
1656,4.806409257,6.329786071,2.090076696,5
1657,5.027132166,4.246006323,2.198744037,5
1658,4.968825327,5.726256152,3.918226165,4
1659,1.786381352,2.150945768,5.837613848,1
1660,8.284176341,7.500061909,7.478836167,2
1661,5.047886801,5.209825132,1.986895113,5
1662,8.547742283,7.841887199,5.453062553,2
1663,5.699381519,3.920357041,2.181319826,5
1664,2.16974595,1.912296026,5.373644646,1
1665,5.136374518,4.566083836,7.843508357,3
1666,5.210319777,5.094085097,5.679213872,4
1667,4.306974614,3.841107467,7.677918552,3
1668,4.58399747,4.122552542,8.056309419,3
1669,5.110503346,4.211926399,1.965582008,5
1670,5.244981993,5.55414355,1.864354863,5
1671,5.166682637,5.821975027,4.394964387,4
1672,8.252623116,7.87252197,4.913997948,2
1673,8.111646252,7.715949551,3.554763524,2
1674,4.679847626,5.720234758,8.464835729,3
1675,8.455227135,8.025798914,5.342031135,2
1676,5.029066673,3.216742175,2.234803156,5
1677,5.383166139,4.359960182,8.349385949,3
1678,5.216484601,5.107203678,5.123177714,4
1679,4.72292237,5.566951331,2.294198282,5
1680,5.088899586,5.338639177,8.109784901,3
1681,4.688094539,5.660644349,4.482611099,4
1682,1.942095995,2.704036686,2.968501802,1
1683,5.236127154,5.686160078,7.604363872,3
1684,7.321864881,7.861808492,6.477724963,2
1685,5.003307571,5.564119183,4.954586843,4
1686,5.269122147,5.920272684,4.52788574,4
1687,5.078722707,5.985853665,3.092269475,4
1688,1.594877992,2.365417385,6.369115751,1
1689,8.443885138,7.003372928,2.616886017,2
1690,5.264451097,4.496881033,5.210295194,4
1691,7.865211607,8.04529904,4.745433388,2
1692,4.911142666,5.545114816,5.4828207,4
1693,4.992687562,5.728088007,5.331373053,4
1694,5.03344605,4.813378057,8.005591625,3
1695,1.713264401,2.156490152,4.131836516,1
1696,8.528892956,7.837826814,3.425779058,2
1697,8.662606119,8.080693415,5.73160779,2
1698,4.592152312,5.139404239,8.286544464,3
1699,5.062284623,6.039209677,7.801042542,3
1700,5.190790606,3.634579305,7.795469223,3
1701,5.254612556,5.97450946,8.13745597,3
1702,4.935449233,4.845041815,2.281055175,5
1703,4.489082615,3.272461057,2.253703732,5
1704,4.813599661,3.619589146,7.460608418,3
1705,7.986502988,7.620136742,6.807952161,2
1706,4.944203488,6.34202163,2.026220977,5
1707,4.670719135,4.726020109,5.528101184,4
1708,4.977366735,5.006889273,5.151621519,4
1709,5.112024419,5.336329412,1.916589772,5
1710,4.468062769,5.811844611,2.217708521,5
1711,4.687650437,3.823936536,7.782492398,3
1712,8.22730634,7.559341751,6.564186932,2
1713,8.194735044,7.801747884,5.337673739,2
1714,5.192897593,5.328689803,2.196563526,5
1715,4.796314179,5.874152361,7.69657612,3
1716,5.548028802,5.497889654,5.282463428,4
1717,5.212765074,6.127984639,8.009986595,3
1718,2.547173811,2.110690342,4.212352964,1
1719,5.598762196,3.003685975,2.362176651,5
1720,8.12686997,7.706724272,3.814740087,2
1721,4.736754309,4.540750076,4.53539073,4
1722,8.095295378,7.949118076,4.610386433,2
1723,1.3067359,2.762469368,2.629274183,1
1724,2.246252496,1.983928027,6.117577736,1
1725,7.954743674,7.812512317,6.456020645,2
1726,4.924195427,3.018450035,7.415044899,3
1727,8.040617808,7.885927417,5.780611562,2
1728,8.065815818,7.521443877,6.471008244,2
1729,5.135138668,4.730838473,4.136328827,4
1730,7.357655908,7.481376993,6.856761316,2
1731,5.464331685,5.832319105,7.890549354,3
1732,4.736899236,3.007283403,3.711481046,4
1733,8.02449807,7.986072661,4.261651181,2
1734,5.319901512,5.900685276,6.033905492,4
1735,8.120756266,7.934825259,4.469503657,2
1736,5.027559398,4.26876445,2.427246596,5
1737,1.98679891,1.84889015,3.984957499,1
1738,1.630797653,2.34181927,6.604811549,1
1739,2.27313139,2.157486403,6.16939452,1
1740,4.688743929,3.558265605,2.289884624,5
1741,4.873989029,4.704980777,5.933054616,4
1742,7.762565156,7.909834461,4.947766108,2
1743,5.772498939,4.965665405,5.327094406,4
1744,4.902917644,4.6936367,5.481377777,4
1745,4.775260683,6.67020022,1.767727953,5
1746,4.586668822,4.302813167,6.038683298,4
1747,2.634530343,1.894713868,5.122953041,1
1748,5.168211406,5.686919837,2.308752339,5
1749,7.906131497,8.019051611,4.874725473,2
1750,2.132518352,2.271099314,3.713195353,1
1751,4.74676092,5.021057306,2.294321969,5
1752,4.916633157,5.100973777,1.81931607,5
1753,5.417965244,4.591211722,2.084604501,5
1754,5.195327588,6.631902953,5.588446856,4
1755,2.424751588,1.993011414,5.035642894,1
1756,8.747783023,7.609988864,4.000971174,2
1757,8.06593752,8.032512961,5.474231384,2
1758,5.203785184,3.058334389,2.243346843,5
1759,5.219351312,5.314190109,4.009128697,4
1760,5.246445741,5.913758917,1.657682502,5
1761,8.05195242,8.188470533,5.02024115,2
1762,4.647707444,5.671576678,7.910569221,3
1763,8.302450867,7.678835061,3.984884864,2
1764,8.896089204,7.971016587,5.381111662,2
1765,4.917864042,6.038608965,1.766084641,5
1766,8.058094715,7.776713922,3.810915549,2
1767,4.551580138,3.134137687,7.503048023,3
1768,4.950342002,4.919286793,1.830306328,5
1769,5.409811251,3.748429706,4.718360964,4
1770,8.316297009,7.939515007,4.862540522,2
1771,5.358876625,6.963397274,7.684943774,3
1772,4.75014539,6.140780598,7.575512004,3
1773,4.828841361,6.390965219,5.069280324,4
1774,4.753769961,4.772159912,1.910599242,5
1775,5.223715522,5.509776506,5.750865578,4
1776,5.191830239,6.095566853,4.53547915,4
1777,5.200332686,5.433929008,5.364499438,4
1778,4.951633133,3.814228835,5.313220845,4
1779,1.411004076,2.394946852,4.601522392,1
1780,5.027227424,2.530882417,6.901044374,3
1781,5.310070101,5.32112737,5.120085192,4
1782,4.944950112,3.922536577,7.78521585,3
1783,7.486660488,7.902735646,4.754397344,2
1784,4.799475453,4.738798035,7.916431563,3
1785,2.03536074,2.183867587,4.016339108,1
1786,8.193722549,8.206097339,4.165091539,2
1787,5.201896751,4.806891287,8.399532515,3
1788,5.674888944,3.02717866,7.363021357,3
1789,7.827602277,7.635143891,5.890129234,2
1790,5.027005951,5.385674426,4.499792237,4
1791,5.209235015,3.443932088,7.94871099,3
1792,7.377562087,7.921818254,5.612237641,2
1793,4.848780542,5.357285852,4.828778164,4
1794,2.054402992,1.809768081,5.149924548,1
1795,4.959255482,5.354282519,7.681819248,3
1796,5.435025253,5.886583066,4.30822176,4
1797,5.481320604,3.137929612,4.4650905,4
1798,7.618562565,7.646315502,6.489280291,2
1799,4.761645157,5.283582313,3.909934905,4
1800,4.948133514,6.142975034,2.235735269,5
1801,1.888190866,2.18680658,6.221721643,1
1802,1.564149062,2.143978772,3.79531888,1
1803,5.554950944,4.701347323,8.002046196,3
1804,1.710272481,1.894477149,4.642001176,1
1805,5.668828225,4.480648039,5.752838596,4
1806,4.715645753,5.994675663,7.841316233,3
1807,2.032808422,2.019225433,4.847689816,1
1808,3.977476086,4.215324981,7.967056288,3
1809,5.516944461,3.49029141,2.574288078,5
1810,8.079786124,7.807550137,4.469451382,2
1811,7.949557116,7.850133621,4.318729086,2
1812,5.400536935,7.102289077,2.473631598,5
1813,5.396383251,4.466477503,8.262754683,3
1814,8.322573935,7.675698925,7.02273037,2
1815,7.867524169,7.711914469,4.464826702,2
1816,7.886495681,7.914949628,3.82185171,2
1817,4.557861973,4.430909004,1.953785471,5
1818,7.781073862,7.910096433,4.288962607,2
1819,5.585993242,4.715459301,5.342348864,4
1820,5.077970607,6.388378586,7.744542163,3
1821,5.431204453,3.96858879,8.123095658,3
1822,8.015991876,8.075306881,3.52507228,2
1823,7.458587303,8.29742489,5.309924714,2
1824,1.880643768,2.442388923,6.821116167,1
1825,4.72109073,5.073556962,4.259617762,4
1826,4.949681632,4.90065065,2.378077194,5
1827,4.703572273,4.629526901,5.780706085,4
1828,4.696765667,5.345592281,2.020911083,5
1829,7.734287235,7.290912742,7.256001421,2
1830,4.619281486,5.835149393,8.132644303,3
1831,7.699941498,7.70294732,6.339009084,2
1832,4.798423343,5.351111233,5.233610861,4
1833,8.481941489,8.033767176,5.27134037,2
1834,2.099725248,2.019669668,4.636408144,1
1835,5.499289003,4.405158107,5.358449624,4
1836,4.953956814,5.03368914,8.050735479,3
1837,2.31247654,2.134088853,6.064903163,1
1838,5.358316787,6.354581904,4.964532439,4
1839,5.467270785,5.834315626,7.590777432,3
1840,2.328546569,2.214057053,4.227597035,1
1841,2.592111044,1.959315621,4.597174654,1
1842,2.45798291,2.145463044,3.798141116,1
1843,4.984289177,4.679921709,4.140190207,4
1844,8.150752521,8.087419171,4.997439284,2
1845,4.9036895,3.750910571,2.070306131,5
1846,4.752488665,5.164395606,7.606547848,3
1847,8.193147814,7.397350809,7.023921542,2
1848,1.929475206,2.303385209,5.156170648,1
1849,4.807939529,3.493971723,4.29118088,4
1850,5.005264266,4.674829571,8.104578183,3
1851,7.465127764,7.734844199,3.227181452,2
1852,4.569223112,3.730492678,6.111265025,4
1853,7.886683673,8.078773249,4.877352277,2
1854,5.477319176,6.208875669,7.70144287,3
1855,7.908005294,7.501693961,3.680076733,2
1856,5.160211431,3.407613708,2.019544536,5
1857,5.336011183,3.917485368,7.860393274,3
1858,2.103901026,2.126834013,5.257796836,1
1859,5.607037178,5.84112845,8.016810575,3
1860,7.720066553,7.129830498,2.599664063,2
1861,4.841169395,4.591629706,4.144860175,4
1862,4.671873662,5.056652259,5.416675905,4
1863,2.440746616,2.095136428,4.172742965,1
1864,2.326916496,1.667322827,4.766891296,1
1865,2.281336274,2.183963527,4.566409938,1
1866,5.214891832,5.326826036,4.556927111,4
1867,1.828054191,2.095541652,5.011947068,1
1868,5.073228,3.44064107,7.644169796,3
1869,2.16705938,1.867437913,4.614539878,1
1870,2.151300216,2.010720067,5.228584249,1
1871,7.731765185,7.758242086,5.244466442,2
1872,8.023333187,7.72108268,5.644607225,2
1873,7.716206962,7.896992605,3.895893089,2
1874,5.01485964,5.127587228,5.660660986,4
1875,5.253055336,5.484648742,5.560475577,4
1876,1.495652875,1.878523228,5.531820637,1
1877,4.830621755,5.266448968,7.872621665,3
1878,2.016278729,2.064239446,3.781258302,1
1879,4.786427247,4.926563666,7.736386359,3
1880,4.801645733,5.053948914,5.031536057,4
1881,4.778476219,3.765674802,2.39243471,5
1882,5.169131836,6.471431926,2.328637763,5
1883,5.102728145,5.136723825,2.035003675,5
1884,4.95187966,6.814271227,2.163313907,5
1885,4.801402332,5.530136978,8.094682565,3
1886,4.769877618,4.450779554,4.367008007,4
1887,7.773481638,7.882039268,6.156493835,2
1888,5.078999209,5.501230936,8.049822887,3
1889,7.907193832,7.402968007,2.487603481,2
1890,5.573787934,4.57934411,1.950487764,5
1891,4.914380684,5.447555327,8.149993025,3
1892,4.972217328,6.275758833,8.042446044,3
1893,5.037490885,6.541566324,2.459688516,5
1894,1.744801306,2.163874208,5.59730603,1
1895,8.072739162,7.87561608,4.884379927,2
1896,1.563550851,2.143704721,3.709694929,1
1897,5.074939445,4.597771992,2.17884162,5
1898,1.880404157,2.048681226,5.670082385,1
1899,5.095943428,4.824205628,7.91487492,3
1900,1.884083413,2.880799223,7.492103654,1
1901,1.891846694,2.373038121,4.097703741,1
1902,5.077713683,3.864076544,7.716068322,3
1903,5.279418052,4.977450444,4.810531268,4
1904,5.07237784,4.806144539,5.057933351,4
1905,4.685189406,5.230151067,4.554970617,4
1906,4.815257049,4.733149151,5.211529811,4
1907,5.159574883,5.237199922,7.953146577,3
1908,4.945859275,5.099292365,4.781981075,4
1909,4.479474847,5.797431353,7.8072096,3
1910,4.577281861,5.898689686,2.156969655,5
1911,1.9464226,1.718215839,5.776704185,1
1912,7.826350872,8.024474625,4.226735866,2
1913,5.196870358,3.357555109,4.680207528,4
1914,5.121668922,2.718780609,7.388834685,3
1915,8.347127433,8.12336604,4.998421299,2
1916,8.099841376,7.845584149,5.44127737,2
1917,4.811654535,6.061121356,1.95904521,5
1918,4.913177131,5.99025577,2.388595877,5
1919,5.38770103,6.812444898,2.181137375,5
1920,5.697201811,4.779644718,7.652248566,3
1921,8.370333453,7.818047784,6.253643181,2
1922,8.277436759,7.789223535,3.906197928,2
1923,5.22231878,5.707637757,7.692446299,3
1924,8.265995004,7.727979397,6.483050131,2
1925,4.990075223,6.119764876,8.001793807,3
1926,7.60655479,8.067592823,4.897026002,2
1927,5.001315036,5.051653386,7.807654935,3
1928,1.828984085,2.367305718,6.870053622,1
1929,4.665385727,4.413149155,4.833424949,4
1930,1.767353514,1.943733945,4.204067671,1
1931,8.384148551,7.668318094,6.076865613,2
1932,4.607644686,6.453366746,2.54442483,5
1933,1.975305837,2.039686374,4.050778511,1
1934,8.12271322,7.736253487,5.068916205,2
1935,5.553923915,5.331586338,8.1158639,3
1936,5.156038532,6.400980382,2.183987805,5
1937,4.982541096,6.438077627,7.766851364,3
1938,4.458932275,4.214909996,5.802372104,4
1939,5.121788698,4.845837898,5.547275952,4
1940,5.076803243,4.764964659,2.067054845,5
1941,1.884591102,2.040266873,4.114346511,1
1942,7.805209133,8.057265932,4.895152915,2
1943,5.155970679,6.940745531,7.654114297,3
1944,4.952732607,5.234055805,8.262936587,3
1945,5.039373038,2.319801841,7.303332941,3
1946,8.136268034,8.150042522,5.452939362,2
1947,4.582516392,4.791370004,4.210866282,4
1948,5.2564705,4.759728498,5.587749112,4
1949,8.462585456,8.065039492,4.771343264,2
1950,4.897818309,5.570687591,2.197527525,5
1951,5.375231388,5.273844743,4.872407155,4
1952,4.464906503,5.465111317,1.750763484,5
1953,1.912516813,2.347039894,5.770293953,1
1954,7.739678679,7.976534265,5.022493176,2
1955,8.445556076,8.213210285,5.826727969,2
1956,1.599781969,2.265520185,4.681985648,1
1957,8.354313636,7.90161611,4.046128132,2
1958,5.084856204,3.778215774,2.719100509,5
1959,5.642307458,3.326006574,7.644937793,3
1960,7.783607345,7.344580643,7.00884096,2
1961,1.992897248,2.329524201,6.546237931,1
1962,4.859963122,4.616900587,5.897298695,4
1963,1.659295154,2.179555882,4.850547689,1
1964,7.649922514,7.923871237,5.648802628,2
1965,8.482158403,7.322930617,7.306774239,2
1966,4.692264032,5.992551834,7.472088808,3
1967,4.649991199,2.828912046,7.210187866,3
1968,1.179498277,2.130105384,6.340163553,1
1969,1.965807896,2.127385145,4.163120307,1
1970,4.40104956,5.048599009,7.987908557,3
1971,2.05961862,2.351867671,3.715044913,1
1972,4.951835308,2.96819838,7.607452618,3
1973,1.662237856,2.127376326,5.989543537,1
1974,1.76317554,2.258880455,3.912321591,1
1975,1.863991801,2.112754249,5.183949621,1
1976,1.942391077,2.102762803,4.771996124,1
1977,2.46370102,2.128283415,5.787440616,1
1978,2.049647246,1.979702988,4.306826655,1
1979,5.718230164,5.8633087,7.687969975,3
1980,4.819048754,5.819704631,1.900152644,5
1981,8.014063257,7.197032671,7.275985212,2
1982,8.045332692,7.977779038,5.7509456,2
1983,5.199407748,4.415974655,8.409919273,3
1984,4.336421223,6.617075553,7.396972344,3
1985,5.383323754,4.896612143,2.1180779,5
1986,5.174346415,5.430946723,4.071491174,4
1987,1.705243511,2.183370028,4.928621263,1
1988,5.291130468,3.314571997,7.516078854,3
1989,4.580155229,4.660147576,1.970324351,5
1990,1.582788348,1.921585507,4.92027388,1
1991,8.101947474,7.526526356,6.239395647,2
1992,7.62952617,7.822943841,5.32150276,2
1993,8.045665966,8.103449172,5.693667949,2
1994,5.224588345,4.619548835,4.398633804,4
1995,4.616245299,4.019561461,5.522938912,4
1996,4.753184986,5.065076102,8.074947199,3
1997,2.000185733,2.351911423,6.779310971,1
1998,4.735916579,5.642677226,4.855779675,4
1999,4.955436001,5.270550293,7.844767661,3
